"";"name.x";"udzial"
"1";"Bochnia";0,136964463818055
"2";"Bochnia";0,0495048234438115
"3";"Drwinia";0,0337364700446575
"4";"Lipnica Murowana";0,0316693377576639
"5";"£apanów";0,0500769477870598
"6";"Nowy Wiœnicz";0,03901455105063
"7";"Rzezawa";0,0479639259250975
"8";"Trzciana";0,0297588230599238
"9";"¯egocina";0,0486346877694165
"10";"Czernichów";0,0431318789294812
"11";"Igo³omia-Wawrzeñczyce";0,0543746970095728
"12";"Iwanowice";0,0304371450394336
"13";"Jerzmanowice-Przeginia";0,024236277717764
"14";"Kocmyrzów-Luborzyca";0,0337357496265011
"15";"Krzeszowice";0,0930078433337194
"16";"Liszki";0,0748383809858584
"17";"Micha³owice";0,0556213587420759
"18";"Mogilany";0,0450190136529816
"19";"Ska³a";0,0409458440703173
"20";"Skawina";0,157587057691637
"21";"S³omniki";0,0538601015635219
"22";"Su³oszowa";0,0181491106780813
"23";"Œwi¹tniki Górne";0,0424414250934945
"24";"Wielka Wieœ";0,164654633062919
"25";"Zabierzów";0,118103499573502
"26";"Zielonki";0,0487719378790421
"27";"Charsznica";0,0318352418983542
"28";"Go³cza";0,0457735863851981
"29";"Koz³ów";0,0170758380232802
"30";"Ksi¹¿ Wielki";0,0326441609056846
"31";"Miechów";0,0607971686465708
"32";"Rac³awice";0,0325461276715118
"33";"S³aboszów";0,0196473988134743
"34";"Dobczyce";0,0995732423211809
"35";"Lubieñ";0,0250536250371988
"36";"Myœlenice";0,0897622663605764
"37";"Pcim";0,0410844497920896
"38";"Raciechowice";0,040649671666947
"39";"Siepraw";0,058053079807868
"40";"Su³kowice";0,0539338752918825
"41";"Tokarnia";0,0218216141441764
"42";"Wiœniowa";0,0254786623715829
"43";"Koniusza";0,0435129526028246
"44";"Koszyce";0,0304197556874485
"45";"Nowe Brzesko";0,0348322655951
"46";"Pa³ecznica";0,0152207665680599
"47";"Proszowice";0,054536247131221
"48";"Radziemice";0,0386467454254602
"49";"Biskupice";0,0332221889820488
"50";"Gdów";0,0511919032662427
"51";"K³aj";0,104131422123742
"52";"Niepo³omice";0,151066414107372
"53";"Wieliczka";0,0823850414206405
"54";"Kraków";0,0896108808318702
"55";"Gorlice";0,125352831726983
"56";"Biecz";0,0442927627118907
"57";"Bobowa";0,0169577843343015
"58";"Gorlice";0,0322619366503731
"59";"Lipinki";0,021989889019608
"60";"£u¿na";0,0227645804224337
"61";"Moszczenica";0,0125115154992344
"62";"Ropa";0,0213890715365796
"63";"Sêkowa";0,0236386813803008
"64";"Uœcie Gorlickie";0,048552067532118
"65";"Limanowa";0,0930170497629833
"66";"Mszana Dolna";0,0750511081238299
"67";"Dobra";0,0303537128059555
"68";"Jod³ownik";0,0330569890286884
"69";"Kamienica";0,0321174925860593
"70";"Laskowa";0,0299021011811263
"71";"Limanowa";0,0338698152234086
"72";"£ukowica";0,0246009472262204
"73";"Mszana Dolna";0,0254673715149235
"74";"NiedŸwiedŸ";0,0245624314443904
"75";"S³opnice";0,020899632729116
"76";"Tymbark";0,0969864664692753
"77";"Grybów";0,0458660368495426
"78";"Che³miec";0,0546092736287366
"79";"Gródek nad Dunajcem";0,112235183517765
"80";"Grybów";0,0333926759074441
"81";"Kamionka Wielka";0,0360262540997038
"82";"Korzenna";0,0327502143647191
"83";"Krynica-Zdrój";0,110745034827004
"84";"£abowa";0,0505598543346832
"85";"£¹cko";0,020755773202779
"86";"£ososina Dolna";0,048677495451742
"87";"Muszyna";0,0851197711323716
"88";"Nawojowa";0,0547764249145495
"89";"Piwniczna-Zdrój";0,0564356871388577
"90";"Podegrodzie";0,0387803947820513
"91";"Rytro";0,0585473920032215
"92";"Stary S¹cz";0,0524693629595155
"93";"Nowy S¹cz";0,0823408174851361
"94";"Alwernia";0,103396724823086
"95";"Babice";0,0658757006099863
"96";"Chrzanów";0,148763823215475
"97";"Libi¹¿";0,112186729637639
"98";"Trzebinia";0,202959996725703
"99";"Bukowno";0,198449265877759
"100";"Boles³aw";0,141241010041554
"101";"Klucze";0,121623641945235
"102";"Olkusz";0,0978174859128785
"103";"Trzyci¹¿";0,0608056876454567
"104";"Wolbrom";0,0874515152043212
"105";"Oœwiêcim";0,196828754192924
"106";"Brzeszcze";0,102232924465335
"107";"Che³mek";0,101615619899762
"108";"Kêty";0,134853526951451
"109";"Osiek";0,0466275376302444
"110";"Oœwiêcim";0,0827071085127216
"111";"Polanka Wielka";0,0262930375023439
"112";"Przeciszów";0,0492938356010042
"113";"Zator";0,113197406295573
"114";"Andrychów";0,0865967803990196
"115";"BrzeŸnica";0,0479416765518307
"116";"Kalwaria Zebrzydowska";0,0558678543186756
"117";"Lanckorona";0,048550620328284
"118";"Mucharz";0,0948024126079223
"119";"Spytkowice";0,0367554048730919
"120";"Stryszów";0,0440809691172706
"121";"Tomice";0,0532504435176222
"122";"Wadowice";0,0866842716675021
"123";"Wieprz";0,0344042386858011
"124";"Borzêcin";0,0733473376960823
"125";"Brzesko";0,105845489135338
"126";"Czchów";0,0499058109096524
"127";"Dêbno";0,0413630053573027
"128";"Gnojnik";0,0258706056935513
"129";"Iwkowa";0,0311577975544307
"130";"Szczurowa";0,0651744626045735
"131";"Boles³aw";0,0455748660794486
"132";"D¹browa Tarnowska";0,0644864531474456
"133";"Grêboszów";0,0282835883194857
"134";"Mêdrzechów";0,0251226144170652
"135";"Olesno";0,0344834751528094
"136";"Radgoszcz";0,0192396196868231
"137";"Szczucin";0,0469126250905227
"138";"Ciê¿kowice";0,0208344275927909
"139";"Gromnik";0,0225972104818978
"140";"Lisia Góra";0,0741845968734729
"141";"Pleœna";0,0325807934025506
"142";"Rad³ów";0,0451558210893848
"143";"Ryglice";0,0212689137188739
"144";"Rzepiennik Strzy¿ewski";0,0211754802764284
"145";"Skrzyszów";0,0853803672139467
"146";"Tarnów";0,0975737366631867
"147";"Tuchów";0,0346675016289705
"148";"Wierzchos³awice";0,129804937014828
"149";"Wietrzychowice";0,0362850783503969
"150";"Wojnicz";0,078429940572781
"151";"Zakliczyn";0,0328929288939964
"152";"¯abno";0,0854742048980265
"153";"Szerzyny";0,0178386931836213
"154";"Tarnów";0,106137800081821
"155";"Nowy Targ";0,109660332048547
"156";"Szczawnica";0,142020938439867
"157";"Czarny Dunajec";0,0273152830495953
"158";"Czorsztyn";0,0782261651970356
"159";"Jab³onka";0,0314735477452112
"160";"Kroœcienko nad Dunajcem";0,0422422198098542
"161";"Lipnica Wielka";0,0110930101024677
"162";"£apsze Ni¿ne";0,0967271345402153
"163";"Nowy Targ";0,0275501430620727
"164";"Ochotnica Dolna";0,0168253949992965
"165";"Raba Wy¿na";0,0320088773616916
"166";"Rabka-Zdrój";0,0939972455914591
"167";"Spytkowice";0,046095893508789
"168";"Szaflary";0,0541678640120223
"169";"Jordanów";0,0708232619011692
"170";"Sucha Beskidzka";0,0991164418601959
"171";"Budzów";0,0186953252686639
"172";"Bystra-Sidzina";0,0220097332445392
"173";"Jordanów";0,0363568732701328
"174";"Maków Podhalañski";0,0826528651334943
"175";"Stryszawa";0,0592525953629029
"176";"Zawoja";0,050885890429348
"177";"Zembrzyce";0,0589001660516568
"178";"Zakopane";0,162252992567248
"179";"Bia³y Dunajec";0,0492483554244559
"180";"Bukowina Tatrzañska";0,152897235046408
"181";"Koœcielisko";0,0842855766541631
"182";"Poronin";0,0759132892505501
"183";"Szczyrk";0,257211216790632
"184";"Bestwina";0,0889966627791613
"185";"Buczkowice";0,0762463984586818
"186";"Czechowice-Dziedzice";0,157792658611437
"187";"Jasienica";0,0837173584418121
"188";"Jaworze";0,0860745371499282
"189";"Kozy";0,0646100465723276
"190";"Por¹bka";0,122759321221199
"191";"Wilamowice";0,0605561179651556
"192";"Wilkowice";0,0801389833516178
"193";"Cieszyn";0,135127838799852
"194";"Ustroñ";0,15570987804814
"195";"Wis³a";0,200992779881905
"196";"Brenna";0,105205183519221
"197";"Chybie";0,0458693547859355
"198";"Dêbowiec";0,124143172514424
"199";"Goleszów";0,128974260293985
"200";"Ha¿lach";0,0709174868757746
"201";"Istebna";0,0571725085537568
"202";"Skoczów";0,137188377926153
"203";"Strumieñ";0,107480962889392
"204";"Zebrzydowice";0,0825294038266794
"205";"¯ywiec";0,175515001843541
"206";"Czernichów";0,249155992634564
"207";"Gilowice";0,0915794691063014
"208";"Jeleœnia";0,110084682439301
"209";"Koszarawa";0,0590369338539302
"210";"Lipowa";0,0702852004758737
"211";"£êkawica";0,0845926380851052
"212";"£odygowice";0,102774359469073
"213";"Milówka";0,0734967919530964
"214";"Radziechowy-Wieprz";0,0585889030381677
"215";"Rajcza";0,0808050482560412
"216";"Œlemieñ";0,0627737053764371
"217";"Œwinna";0,0369506800341699
"218";"Ujso³y";0,0844656618207353
"219";"Wêgierska Górka";0,0708915947348077
"220";"Bielsko-Bia³a";0,112534024759652
"221";"Lubliniec";0,106076265078513
"222";"Boronów";0,115433114087
"223";"Ciasna";0,100367935183213
"224";"Herby";0,11834980699122
"225";"Kochanowice";0,0525543832072323
"226";"Koszêcin";0,0633675844107733
"227";"Pawonków";0,0439963021868581
"228";"WoŸniki";0,0857997834048875
"229";"Kalety";0,0787672976353549
"230";"Miasteczko Œl¹skie";0,224919128247452
"231";"Radzionków";0,112124522309613
"232";"Tarnowskie Góry";0,104861281090825
"233";"Krupski M³yn";0,227832261398227
"234";"O¿arowice";0,163219673235443
"235";"Œwierklaniec";0,0657165943870675
"236";"Tworóg";0,0852624595725471
"237";"Zbros³awice";0,128313144794254
"238";"Bytom";0,0804161749877963
"239";"Piekary Œl¹skie";0,0823742450250296
"240";"Blachownia";0,0860880086654872
"241";"D¹browa Zielona";0,0407932038113323
"242";"Janów";0,0496573372483985
"243";"Kamienica Polska";0,113737043953568
"244";"K³omnice";0,0686004757224981
"245";"Koniecpol";0,0763926106421294
"246";"Konopiska";0,11204160705017
"247";"Kruszyna";0,0631198810679529
"248";"Lelów";0,0432954789117856
"249";"Mstów";0,0752100375771907
"250";"Mykanów";0,0607258529602891
"251";"Olsztyn";0,11604475872532
"252";"Poczesna";0,131390492601092
"253";"Przyrów";0,0633683398427477
"254";"Rêdziny";0,167566857969151
"255";"Starcza";0,0362623268222255
"256";"K³obuck";0,135078901488688
"257";"Krzepice";0,077689987897462
"258";"Lipie";0,0634172378066291
"259";"MiedŸno";0,0326509767420372
"260";"Opatów";0,0534010196865719
"261";"Panki";0,0930541607456908
"262";"Popów";0,0718208818293467
"263";"Przystajñ";0,0450656856707081
"264";"Wrêczyca Wielka";0,0787208496828963
"265";"Myszków";0,0999984856045469
"266";"Kozieg³owy";0,0719168465145589
"267";"Niegowa";0,0369262570610543
"268";"Poraj";0,0809876210775507
"269";"¯arki";0,0681717238542463
"270";"Czêstochowa";0,10109489940343
"271";"Knurów";0,101402619625501
"272";"Pyskowice";0,10426908692081
"273";"Giera³towice";0,174715528855791
"274";"Pilchowice";0,0839436603083302
"275";"Rudziniec";0,142000719003515
"276";"Soœnicowice";0,117743303773396
"277";"Toszek";0,0809541476182297
"278";"Wielowieœ";0,0684302146906426
"279";"Gliwice";0,119958257182496
"280";"Zabrze";0,0877205154260261
"281";"Chorzów";0,109039246267062
"282";"Katowice";0,104204196749291
"283";"Mys³owice";0,0963415476009341
"284";"Ruda Œl¹ska";0,0950029829912985
"285";"Siemianowice Œl¹skie";0,0780426661713714
"286";"Œwiêtoch³owice";0,0869599969133019
"287";"Racibórz";0,140147035118813
"288";"Kornowac";0,0569054928669713
"289";"Krzanowice";0,0774229405981498
"290";"Krzy¿anowice";0,071273591574994
"291";"KuŸnia Raciborska";0,102139439479657
"292";"Nêdza";0,0754645863450148
"293";"Pietrowice Wielkie";0,126274470157921
"294";"Rudnik";0,0535969592155706
"295";"Czerwionka-Leszczyny";0,0899540683491084
"296";"Gaszowice";0,0662612812066937
"297";"Jejkowice";0,0865562602820193
"298";"Lyski";0,0824381814347902
"299";"Œwierklany";0,0812156119629834
"300";"Pszów";0,0378729100636926
"301";"Radlin";0,195385796983631
"302";"Rydu³towy";0,120945365866828
"303";"Wodzis³aw Œl¹ski";0,0939574719460373
"304";"Godów";0,0770275194717822
"305";"Gorzyce";0,100468618181307
"306";"Lubomia";0,0778989962457656
"307";"Marklowice";0,0929230528595415
"308";"Mszana";0,110466118957694
"309";"Jastrzêbie-Zdrój";0,0997606181121975
"310";"Rybnik";0,102981906844443
"311";"¯ory";0,107455800841909
"312";"Bêdzin";0,160214960110027
"313";"CzeladŸ";0,12888191122
"314";"Wojkowice";0,095030652039402
"315";"Bobrowniki";0,0557573795668902
"316";"Mierzêcice";0,098464718504686
"317";"Psary";0,130701545606928
"318";"Siewierz";0,151575417367591
"319";"S³awków";0,128110037041923
"320";"Porêba";0,118118255806517
"321";"Zawiercie";0,142891310782474
"322";"Irz¹dze";0,0470871570682367
"323";"Kroczyce";0,0403397466574261
"324";"£azy";0,0863391370244723
"325";"Ogrodzieniec";0,09718517752354
"326";"Pilica";0,0740578429574754
"327";"Szczekociny";0,0903782861332351
"328";"W³odowice";0,0631825245113268
"329";"¯arnowiec";0,0330815991543818
"330";"D¹browa Górnicza";0,197026832059866
"331";"Jaworzno";0,138083036012084
"332";"Sosnowiec";0,113688721700001
"333";"£aziska Górne";0,224772531453828
"334";"Miko³ów";0,142658799460722
"335";"Orzesze";0,0983953981311
"336";"Ornontowice";0,104682677740315
"337";"Wyry";0,0826449665824421
"338";"Gocza³kowice-Zdrój";0,159522067573448
"339";"Kobiór";0,111952998849115
"340";"MiedŸna";0,0840397944444701
"341";"Paw³owice";0,214425666550369
"342";"Pszczyna";0,1017139203176
"343";"Suszec";0,105977840812313
"344";"Bieruñ";0,179513041472841
"345";"Imielin";0,1880116501273
"346";"Lêdziny";0,116470393282611
"347";"Bojszowy";0,0740698140865523
"348";"Che³m Œl¹ski";0,124378715267572
"349";"Tychy";0,114204911485409
"350";"Kostrzyn nad Odr¹";0,233573905736146
"351";"Bogdaniec";0,0988245626214062
"352";"Deszczno";0,117430017109515
"353";"K³odawa";0,114925846451937
"354";"Lubiszyn";0,141922294568986
"355";"Santok";0,129783262303843
"356";"Witnica";0,114859447434828
"357";"Bledzew";0,136932300487824
"358";"Miêdzyrzecz";0,145333950102347
"359";"Przytoczna";0,193638461093439
"360";"Pszczew";0,19250370973395
"361";"Skwierzyna";0,13885588703596
"362";"Trzciel";0,0859213904122182
"363";"Cybinka";0,108809785769929
"364";"Górzyca";0,112639118947452
"365";"Oœno Lubuskie";0,12346904210071
"366";"Rzepin";0,110538681426526
"367";"S³ubice";0,192136244180302
"368";"Dobiegniew";0,0832043471158608
"369";"Drezdenko";0,196634313309773
"370";"Stare Kurowo";0,0760065461068611
"371";"Strzelce Krajeñskie";0,10750421748488
"372";"Zwierzyn";0,0724677660163924
"373";"Krzeszyce";0,0568828143722203
"374";"Lubniewice";0,149057311571373
"375";"S³oñsk";0,056076785677959
"376";"Sulêcin";0,119668472029079
"377";"Torzym";0,135447345835866
"378";"Gorzów Wielkopolski";0,0929530249012892
"379";"Gubin";0,13485762378724
"380";"Bobrowice";0,346932030868521
"381";"Bytnica";0,0829245358016458
"382";"D¹bie";0,108721051709968
"383";"Gubin";0,121434303447161
"384";"Krosno Odrzañskie";0,14408841314412
"385";"Maszewo";0,0976881712928103
"386";"Nowa Sól";0,132304860633901
"387";"Bytom Odrzañski";0,0659303967770568
"388";"Kolsko";0,108745728957475
"389";"Ko¿uchów";0,121505854513426
"390";"Nowa Sól";0,109105675084885
"391";"Nowe Miasteczko";0,086614384147657
"392";"Otyñ";0,0556103972379295
"393";"Siedlisko";0,0459471535139631
"394";"Lubrza";0,117945925840951
"395";"£agów";0,12809444250114
"396";"Sk¹pe";0,125089622742713
"397";"Szczaniec";0,0412750733008162
"398";"Œwiebodzin";0,119265537205023
"399";"Zb¹szynek";0,174036954940451
"400";"Babimost";0,171308819967031
"401";"Bojad³a";0,0770744884520616
"402";"Czerwieñsk";0,110923329061282
"403";"Kargowa";0,113351043743266
"404";"Nowogród Bobrzañski";0,17338277205688
"405";"Sulechów";0,128569119320597
"406";"Œwidnica";0,129203532806675
"407";"Trzebiechów";0,0785578888745576
"408";"Zabór";0,0632005087403688
"409";"Gozdnica";0,0985918682670778
"410";"¯agañ";0,122968660490363
"411";"BrzeŸnica";0,039210453420771
"412";"I³owa";0,101768462316618
"413";"Ma³omice";0,081428787182824
"414";"Niegos³awice";0,0992208759257539
"415";"Szprotawa";0,09766346610063
"416";"Wymiarki";0,112770452381194
"417";"¯agañ";0,151691366431224
"418";"£êknica";0,0578157697069113
"419";"¯ary";0,16517898586596
"420";"Brody";0,0747727806717999
"421";"Jasieñ";0,118610167763209
"422";"Lipinki £u¿yckie";0,0519450491638126
"423";"Lubsko";0,111993971950182
"424";"Przewóz";0,150057688871453
"425";"Trzebiel";0,103835077394969
"426";"Tuplice";0,0661765340636248
"427";"¯ary";0,129902132196174
"428";"S³awa";0,11004392419077
"429";"Szlichtyngowa";0,078931074605565
"430";"Wschowa";0,0962002463034415
"431";"Zielona Góra";0,0891703081355584
"432";"Jaraczewo";0,07024037492688
"433";"Jarocin";0,128695242723282
"434";"Kotlin";0,0604147818589611
"435";"¯erków";0,0561895654759196
"436";"Blizanów";0,0666487247835153
"437";"Brzeziny";0,0344345254109909
"438";"Ceków-Kolonia";0,120952379374559
"439";"Godziesze Wielkie";0,0540257713329277
"440";"KoŸminek";0,0371114708851728
"441";"Lisków";0,0542482933449513
"442";"Mycielin";0,0454197966480042
"443";"Opatówek";0,0720368546858394
"444";"Stawiszyn";0,0853301847003811
"445";"Szczytniki";0,0222320498221647
"446";"¯elazków";0,0859012741671658
"447";"Baranów";0,146605889885422
"448";"Bralin";0,12730242435452
"449";"Kêpno";0,148480060021513
"450";"£êka Opatowska";0,128124727630295
"451";"Perzów";0,112915121455582
"452";"Rychtal";0,0777188921726559
"453";"Trzcinica";0,0861840754770526
"454";"Sulmierzyce";0,0897868327909189
"455";"Kobylin";0,0996049590188402
"456";"KoŸmin Wielkopolski";0,0927379549758354
"457";"Krotoszyn";0,13406341823546
"458";"Rozdra¿ew";0,0463262151677678
"459";"Zduny";0,118528841954132
"460";"Ostrów Wielkopolski";0,13320627829413
"461";"Nowe Skalmierzyce";0,17194045276045
"462";"Odolanów";0,150814267335066
"463";"Ostrów Wielkopolski";0,0978158225438531
"464";"Przygodzice";0,0813934884574189
"465";"Raszków";0,0861404699065512
"466";"Sieroszewice";0,0583836327936252
"467";"Soœnie";0,0697214865143929
"468";"Czajków";0,0694264775444259
"469";"Doruchów";0,037334154464911
"470";"Grabów nad Prosn¹";0,0848314921694795
"471";"Kobyla Góra";0,06755814910025
"472";"Kraszewice";0,0783689357710518
"473";"Mikstat";0,0676473605676006
"474";"Ostrzeszów";0,123494804584128
"475";"Chocz";0,0343960144209869
"476";"Czermin";0,0302605974576326
"477";"Dobrzyca";0,0864837864655005
"478";"Giza³ki";0,0769247687587293
"479";"Go³uchów";0,122909085032045
"480";"Pleszew";0,0896910847160235
"481";"Kalisz";0,0879298169520627
"482";"Gniezno";0,0871242459324634
"483";"Czerniejewo";0,0740742512136396
"484";"Gniezno";0,109306233484995
"485";"Kiszkowo";0,115129870806709
"486";"K³ecko";0,0813753216881749
"487";"£ubowo";0,0597752065100945
"488";"Mieleszyn";0,0565502827165228
"489";"Niechanowo";0,0455871377686031
"490";"Trzemeszno";0,151929758841619
"491";"Witkowo";0,090292616540976
"492";"Ko³o";0,142825860626266
"493";"Babiak";0,055342483154775
"494";"Chodów";0,0347146499646383
"495";"D¹bie";0,0564579430851526
"496";"Grzegorzew";0,0463685105905735
"497";"K³odawa";0,083200978171643
"498";"Ko³o";0,0555994079090087
"499";"Koœcielec";0,065589181204261
"500";"Olszówka";0,0326493467683178
"501";"Osiek Ma³y";0,205120956906909
"502";"Przedecz";0,0451952038629369
"503";"Golina";0,0623900002937728
"504";"Grodziec";0,0226036645703274
"505";"Kazimierz Biskupi";0,162887688490559
"506";"Kleczew";0,331657161994989
"507";"Kramsk";0,070804717729221
"508";"Krzymów";0,0689274342815403
"509";"Rychwa³";0,0441614579229044
"510";"Rzgów";0,0301922186188392
"511";"Skulsk";0,0446177418328825
"512";"Sompolno";0,115695325117128
"513";"Stare Miasto";0,159735263841663
"514";"Œlesin";0,160243695530195
"515";"Wierzbinek";0,169849881255277
"516";"Wilczyn";0,141538735913442
"517";"S³upca";0,115978711151448
"518";"L¹dek";0,0367388244515723
"519";"Orchowo";0,0455584955412511
"520";"Ostrowite";0,0623095539379588
"521";"Powidz";0,192036874289838
"522";"S³upca";0,0872642388321292
"523";"Strza³kowo";0,127452478133597
"524";"Zagórów";0,0604738780153604
"525";"Turek";0,16374112729509
"526";"Brudzew";0,268562201552614
"527";"Dobra";0,0727050744222703
"528";"Kawêczyn";0,0409334397728968
"529";"Malanów";0,117754689003714
"530";"Przykona";0,351746422675523
"531";"Tuliszków";0,0351247524040029
"532";"Turek";0,107700532865938
"533";"W³adys³awów";0,0763857953715203
"534";"Ko³aczkowo";0,049149210626061
"535";"Mi³os³aw";0,0794095940336354
"536";"Nekla";0,120286861988353
"537";"Pyzdry";0,0544355599733758
"538";"Wrzeœnia";0,140902841825382
"539";"Konin";0,103827585082191
"540";"Borek Wielkopolski";0,0821550594729479
"541";"Gostyñ";0,134847008037804
"542";"Krobia";0,119572776488976
"543";"Pêpowo";0,104216950751204
"544";"Piaski";0,0909856955759447
"545";"Pogorzela";0,0586537188228525
"546";"Poniec";0,143117511072111
"547";"Granowo";0,0873720300217128
"548";"Grodzisk Wielkopolski";0,14984052206958
"549";"Kamieniec";0,0931630890642653
"550";"Rakoniewice";0,10135544100845
"551";"Wielichowo";0,106378341380896
"552";"Koœcian";0,0880181840477204
"553";"Czempiñ";0,0957890953881445
"554";"Koœcian";0,119098401273993
"555";"Krzywiñ";0,0896087431736565
"556";"Œmigiel";0,0939184850281731
"557";"Krzemieniewo";0,0760793998995719
"558";"Lipno";0,138637743526352
"559";"Osieczna";0,101097403553594
"560";"Rydzyna";0,103847339294362
"561";"Œwiêciechowa";0,165519737461502
"562";"Wijewo";0,0863948886791481
"563";"W³oszakowice";0,112900864668054
"564";"Chrzypsko Wielkie";0,0762095265993138
"565";"Kwilcz";0,104048264254152
"566";"Miêdzychód";0,147092140926421
"567";"Sieraków";0,111100206805581
"568";"Kuœlin";0,102095487230989
"569";"Lwówek";0,131195370913802
"570";"Miedzichowo";0,12412633159319
"571";"Nowy Tomyœl";0,12781089543895
"572";"Opalenica";0,153655003962524
"573";"Zb¹szyñ";0,087741438867306
"574";"Bojanowo";0,095989230920022
"575";"Jutrosin";0,0685407909725838
"576";"Miejska Górka";0,0737879383048497
"577";"Pakos³aw";0,0684166086694685
"578";"Rawicz";0,106816672866633
"579";"Przemêt";0,0900780766177499
"580";"Siedlec";0,102104872762658
"581";"Wolsztyn";0,125005729245627
"582";"Leszno";0,0713176434351645
"583";"Chodzie¿";0,104231998661528
"584";"Budzyñ";0,12525489825053
"585";"Chodzie¿";0,146973187344829
"586";"Margonin";0,193404775359998
"587";"Szamocin";0,0547727233260488
"588";"Czarnków";0,184123743700444
"589";"Czarnków";0,0649599421233786
"590";"Drawsko";0,0676269702339354
"591";"Krzy¿ Wielkopolski";0,102991089637521
"592";"Lubasz";0,0544607941231078
"593";"Po³ajewo";0,0366068207277832
"594";"Trzcianka";0,0976928569323291
"595";"Wieleñ";0,0889251837559638
"596";"Pi³a";0,12081308036553
"597";"Bia³oœliwie";0,0781399461205371
"598";"Kaczory";0,164146863779726
"599";"£ob¿enica";0,0427199809969396
"600";"Miasteczko Krajeñskie";0,0656983221839349
"601";"Szyd³owo";0,0895132416142376
"602";"Ujœcie";0,12597648536112
"603";"Wyrzysk";0,0861305278157242
"604";"Wysoka";0,0724270223228967
"605";"W¹growiec";0,0955179263096155
"606";"Damas³awek";0,0494876933184064
"607";"Go³añcz";0,118942838750116
"608";"Mieœcisko";0,0961151296466535
"609";"Skoki";0,172643015128033
"610";"Wapno";0,037921945928099
"611";"W¹growiec";0,0687628095385618
"612";"Z³otów";0,102619211579078
"613";"Jastrowie";0,114729381391618
"614";"Krajenka";0,0712851111878397
"615";"Lipka";0,0652251052978826
"616";"Okonek";0,119718827036175
"617";"Tarnówka";0,0973045081874232
"618";"Zakrzewo";0,101088149515643
"619";"Z³otów";0,10139414510366
"620";"Oborniki";0,123089373479071
"621";"RogoŸno";0,101937223581138
"622";"Ryczywó³";0,0594640357177749
"623";"Luboñ";0,0851914601820893
"624";"Puszczykowo";0,088220913894052
"625";"Buk";0,198653514309397
"626";"Czerwonak";0,160973208161023
"627";"Dopiewo";0,090004326004937
"628";"Kleszczewo";0,0599545106707778
"629";"Komorniki";0,159613781570111
"630";"Kostrzyn";0,102125616028369
"631";"Kórnik";0,210738959919095
"632";"Mosina";0,119958732325135
"633";"Murowana Goœlina";0,169638695325098
"634";"Pobiedziska";0,137892852312856
"635";"Rokietnica";0,0991552545432328
"636";"Stêszew";0,125409797900885
"637";"Suchy Las";0,190238540501513
"638";"Swarzêdz";0,154386734356145
"639";"Tarnowo Podgórne";0,224298326195611
"640";"Obrzycko";0,0745183261640807
"641";"Duszniki";0,105392565439682
"642";"KaŸmierz";0,102175173638194
"643";"Obrzycko";0,0760195500805319
"644";"Ostroróg";0,0613496398037532
"645";"Pniewy";0,143852844084971
"646";"Szamotu³y";0,132753262962265
"647";"Wronki";0,170410698529289
"648";"Dominowo";0,0859026674046898
"649";"Krzykosy";0,0413098576333577
"650";"Nowe Miasto nad Wart¹";0,0646061688435609
"651";"Œroda Wielkopolska";0,136827572666602
"652";"Zaniemyœl";0,0915077525782412
"653";"Brodnica";0,0657885284240759
"654";"Dolsk";0,0987149728852769
"655";"Ksi¹¿ Wielkopolski";0,0728311736271301
"656";"Œrem";0,107399016705352
"657";"Poznañ";0,103933413292542
"658";"Bia³ogard";0,104696413578073
"659";"Bia³ogard";0,159432157353735
"660";"Karlino";0,216165565586023
"661";"Tychowo";0,133760441940144
"662";"Ko³obrzeg";0,131359396029916
"663";"Dygowo";0,159176716309267
"664";"Goœcino";0,174332964957455
"665";"Ko³obrzeg";0,223499832116046
"666";"Rymañ";0,18431608025489
"667";"Siemyœl";0,139008592910976
"668";"Ustronie Morskie";0,301876159342494
"669";"Bêdzino";0,149518276077946
"670";"Biesiekierz";0,180395648385393
"671";"Bobolice";0,10848036440874
"672";"Manowo";0,124434687620352
"673";"Mielno";0,304837342594325
"674";"Polanów";0,144645422101413
"675";"Sianów";0,0995513341941754
"676";"Œwieszyno";0,116842460866707
"677";"Dar³owo";0,120165486144674
"678";"S³awno";0,110216310203288
"679";"Dar³owo";0,260210608733886
"680";"Malechowo";0,176766676026605
"681";"Postomino";0,243213819941038
"682";"S³awno";0,0967040882857823
"683";"Koszalin";0,0959815765978128
"684";"Bierzwnik";0,0588591382405174
"685";"Choszczno";0,0882101715745528
"686";"Drawno";0,124003333737978
"687";"Krzêcin";0,0907925782956546
"688";"Pe³czyce";0,0986070034024196
"689";"Recz";0,0772038398240787
"690";"Czaplinek";0,154199385415176
"691";"Drawsko Pomorskie";0,220169137342182
"692";"Kalisz Pomorski";0,389041525624042
"693";"Wierzchowo";0,112963072776325
"694";"Z³ocieniec";0,107181204871592
"695";"Barlinek";0,117528629716414
"696";"Boleszkowice";0,15172862368268
"697";"Dêbno";0,133389632889684
"698";"Myœlibórz";0,0940365817957618
"699";"Nowogródek Pomorski";0,0495941484622898
"700";"Bielice";0,0845139882844877
"701";"Kozielice";0,181744428421399
"702";"Lipiany";0,0841202763636739
"703";"Przelewice";0,0570215452652499
"704";"Pyrzyce";0,101374603577788
"705";"Warnice";0,0565640616887066
"706";"Szczecinek";0,148890496844272
"707";"Barwice";0,113778300050039
"708";"Bia³y Bór";0,114064933628208
"709";"Borne Sulinowo";0,145853863292837
"710";"Grzmi¹ca";0,136646781730626
"711";"Szczecinek";0,0817362965882272
"712";"Œwidwin";0,128538046964558
"713";"Brze¿no";0,137588692536712
"714";"Po³czyn-Zdrój";0,129786467248144
"715";"R¹bino";0,0946245486078005
"716";"S³awoborze";0,166527123282334
"717";"Œwidwin";0,09978348757031
"718";"Wa³cz";0,129486534772424
"719";"Cz³opa";0,068368187484952
"720";"Miros³awiec";0,158895566426878
"721";"Tuczno";0,0851143011272011
"722";"Wa³cz";0,097873173214017
"723";"Dobra";0,0768689139847365
"724";"£obez";0,112242781841283
"725";"Radowo Ma³e";0,0887889525461153
"726";"Resko";0,120629729834522
"727";"Wêgorzyno";0,0693301217258156
"728";"Szczecin";0,0860185607841239
"729";"Goleniów";0,162344547807212
"730";"Maszewo";0,0789420860875862
"731";"Nowogard";0,0786003735108071
"732";"Osina";0,0902140563820477
"733";"Przybiernów";0,082633748815757
"734";"Stepnica";0,156365729763053
"735";"Brojce";0,0416621133753443
"736";"Gryfice";0,0828456176315503
"737";"Karnice";0,147520413792157
"738";"P³oty";0,096255178994988
"739";"Rewal";0,297936827985707
"740";"Trzebiatów";0,141584714019325
"741";"Banie";0,0652348795093823
"742";"Cedynia";0,100456168201215
"743";"Chojna";0,0889073241681858
"744";"Gryfino";0,194740322894104
"745";"Mieszkowice";0,091865726453023
"746";"Moryñ";0,0589333542942993
"747";"Stare Czarnowo";0,191309897101961
"748";"Trzciñsko-Zdrój";0,0557461567502434
"749";"Widuchowa";0,0787184218665917
"750";"Dziwnów";0,186026576316129
"751";"Golczewo";0,101233457330345
"752";"Kamieñ Pomorski";0,112685864599242
"753";"Miêdzyzdroje";0,143787760936154
"754";"Œwierzno";0,0707700129736362
"755";"Wolin";0,120568852852121
"756";"Dobra (Szczeciñska)";0,0765633067157594
"757";"Ko³baskowo";0,175353749176315
"758";"Nowe Warpno";0,218955079170696
"759";"Police";0,230630058204984
"760";"Stargard";0,13238641681017
"761";"Chociwel";0,0752934294045331
"762";"Dobrzany";0,0782880799729377
"763";"Dolice";0,0696051873369411
"764";"Iñsko";0,117621476320146
"765";"Kobylanka";0,184433222416412
"766";"Marianowo";0,0352128464756285
"767";"Stara D¹browa";0,109365800930254
"768";"Stargard";0,123212978913258
"769";"Suchañ";0,108352861840907
"770";"Œwinoujœcie";0,130653933188408
"771";"Boles³awiec";0,140770196477759
"772";"Boles³awiec";0,159397627371494
"773";"Gromadka";0,199059768839723
"774";"Nowogrodziec";0,158022222743542
"775";"Osiecznica";0,19319230386585
"776";"Warta Boles³awiecka";0,174309521436017
"777";"Jawor";0,137292400776333
"778";"Bolków";0,0755980795565831
"779";"Mêcinka";0,100639064794097
"780";"Mœciwojów";0,0742071908704336
"781";"Paszowice";0,0760079135972738
"782";"W¹dro¿e Wielkie";0,0555651255636836
"783";"Karpacz";0,266506352966617
"784";"Kowary";0,146515873092166
"785";"Piechowice";0,247592018943484
"786";"Szklarska Porêba";0,243663288082877
"787";"Janowice Wielkie";0,100946031777712
"788";"Je¿ów Sudecki";0,0863889243279418
"789";"Mys³akowice";0,14716298019945
"790";"Podgórzyn";0,136766444981759
"791";"Stara Kamienica";0,116884571890834
"792";"Kamienna Góra";0,0913087741804787
"793";"Kamienna Góra";0,0722660568880347
"794";"Lubawka";0,0927419010439912
"795";"Marciszów";0,0730464520558421
"796";"Lubañ";0,135269753211352
"797";"Œwieradów-Zdrój";0,158520395129574
"798";"Leœna";0,0706767529327877
"799";"Lubañ";0,0859303496522094
"800";"Olszyna";0,101722988281442
"801";"Platerówka";0,148272291352271
"802";"Siekierczyn";0,0585947699437414
"803";"Gryfów Œl¹ski";0,0926715115644717
"804";"Lubomierz";0,060683545996278
"805";"Lwówek Œl¹ski";0,120969956964611
"806";"Mirsk";0,0775653327099472
"807";"Wleñ";0,0616793761820783
"808";"Zawidów";0,0889108439518301
"809";"Zgorzelec";0,113423778159636
"810";"Bogatynia";0,411734974742435
"811";"Pieñsk";0,0831371271632218
"812";"Sulików";0,217861273634111
"813";"Wêgliniec";0,116864257879403
"814";"Zgorzelec";0,264195397080922
"815";"Wojcieszów";0,0942652742184182
"816";"Z³otoryja";0,100859942885863
"817";"Pielgrzymka";0,0608372700112726
"818";"Œwierzawa";0,0783677798095602
"819";"Zagrodno";0,177691881287217
"820";"Z³otoryja";0,10187055315554
"821";"Jelenia Góra";0,100404177464431
"822";"G³ogów";0,212264014165938
"823";"G³ogów";0,154571635839535
"824";"Jerzmanowa";0,204667090663577
"825";"Kotla";0,0674952028127688
"826";"Pêc³aw";0,0632528214384063
"827";"¯ukowice";0,102052799046587
"828";"Góra";0,0905003994161146
"829";"Jemielno";0,0539194211283761
"830";"Niechlów";0,0649201425113181
"831";"W¹sosz";0,0806323205544069
"832";"Chojnów";0,103638323584396
"833";"Chojnów";0,148523867144549
"834";"Krotoszyce";0,126419281313775
"835";"Kunice";0,147115962916431
"836";"Legnickie Pole";0,32047638787791
"837";"Mi³kowice";0,081275726755696
"838";"Prochowice";0,175511358851683
"839";"Ruja";0,0725324580862607
"840";"Lubin";0,0946771985966214
"841";"Lubin";0,186543508257953
"842";"Rudna";0,381103698276321
"843";"Œcinawa";0,0795080250970013
"844";"Chocianów";0,0982266156402811
"845";"Gaworzyce";0,0618617070960319
"846";"Grêbocice";0,250313466418886
"847";"Polkowice";0,322411618534355
"848";"Przemków";0,0830860903976299
"849";"Radwanice";0,0903035604887966
"850";"Legnica";0,111019074781576
"851";"Bielawa";0,0684670016183448
"852";"Dzier¿oniów";0,139134985132652
"853";"Pieszyce";0,099886901281044
"854";"Pi³awa Górna";0,0920027238915998
"855";"Dzier¿oniów";0,0664420103308695
"856";"£agiewniki";0,0489602748732612
"857";"Niemcza";0,0686764296880219
"858";"Duszniki-Zdrój";0,142571658574235
"859";"K³odzko";0,112928306452895
"860";"Kudowa-Zdrój";0,117563334358803
"861";"Nowa Ruda";0,0838883569506656
"862";"Polanica-Zdrój";0,123251459512216
"863";"Bystrzyca K³odzka";0,0942567146426977
"864";"K³odzko";0,0841087262129307
"865";"L¹dek-Zdrój";0,0910429793814115
"866";"Lewin K³odzki";0,0834959711956779
"867";"Miêdzylesie";0,0677814911291837
"868";"Nowa Ruda";0,0629851772788716
"869";"Radków";0,110240665974604
"870";"Stronie Œl¹skie";0,126045788564286
"871";"Szczytna";0,0795606371331676
"872";"Œwidnica";0,136214676873904
"873";"Œwiebodzice";0,135198448975728
"874";"Dobromierz";0,0691116376962303
"875";"Jaworzyna Œl¹ska";0,091229444376324
"876";"Marcinowice";0,071736283105476
"877";"Strzegom";0,155261140803433
"878";"Œwidnica";0,116805285222229
"879";"¯arów";0,157429729892393
"880";"Boguszów-Gorce";0,0544548916223338
"881";"Jedlina-Zdrój";0,0989628060075723
"882";"Szczawno-Zdrój";0,106271716453634
"883";"Czarny Bór";0,0786853918670696
"884";"G³uszyca";0,0518404476761038
"885";"Mieroszów";0,0973776511442139
"886";"Stare Bogaczowice";0,0652051049970243
"887";"Walim";0,121920251272986
"888";"Bardo";0,0951660515590625
"889";"Ciep³owody";0,0706462894958431
"890";"Kamieniec Z¹bkowicki";0,095199277047064
"891";"Stoszowice";0,0683096741722415
"892";"Z¹bkowice Œl¹skie";0,109218858095891
"893";"Ziêbice";0,0714047234191924
"894";"Z³oty Stok";0,0580287944879407
"895";"Wa³brzych od 2013";0,0764923556045696
"896";"Cieszków";0,0728361214018879
"897";"Kroœnice";0,215157521659844
"898";"Milicz";0,103288977584379
"899";"Oleœnica";0,0956257299143425
"900";"Bierutów";0,0734844424265123
"901";"Dobroszyce";0,0852107897979714
"902";"Dziadowa K³oda";0,0455300539774816
"903";"Miêdzybórz";0,128770849250597
"904";"Oleœnica";0,15173289143002
"905";"Syców";0,106772438894294
"906";"Twardogóra";0,149149303200916
"907";"O³awa";0,1427456874684
"908";"Domaniów";0,0768143077835444
"909";"Jelcz-Laskowice";0,19122951536191
"910";"O³awa";0,191189738979832
"911";"Borów";0,0502276040235437
"912";"Kondratowice";0,0746613681237486
"913";"Przeworno";0,0517684215943624
"914";"Strzelin";0,158636207984967
"915";"Wi¹zów";0,0710082401537811
"916";"Kostom³oty";0,0621290748515183
"917";"Malczyce";0,0621598573712136
"918";"Miêkinia";0,120355951846451
"919";"Œroda Œl¹ska";0,161931269060663
"920";"Udanin";0,0525779738120997
"921";"Oborniki Œl¹skie";0,0994691955032122
"922";"Prusice";0,0951473333731244
"923";"Trzebnica";0,0823683234892035
"924";"Wisznia Ma³a";0,161132237248274
"925";"Zawonia";0,10454403228233
"926";"¯migród";0,111013597315267
"927";"Brzeg Dolny";0,243546971892797
"928";"Wiñsko";0,0389071859589995
"929";"Wo³ów";0,0932933290093428
"930";"Czernica";0,0871785455273372
"931";"D³ugo³êka";0,128062595770458
"932";"Jordanów Œl¹ski";0,0682525671007515
"933";"K¹ty Wroc³awskie";0,196190546126807
"934";"Kobierzyce";0,285906208484186
"935";"Mietków";0,150642759818332
"936";"Sobótka";0,105351943762883
"937";"Siechnice";0,175493587604427
"938";"¯órawina";0,121132962594975
"939";"Wroc³aw";0,0896482834147229
"940";"Brzeg";0,123993704048761
"941";"Skarbimierz";0,294818749568432
"942";"Grodków";0,0995304031128689
"943";"Lewin Brzeski";0,123653015570617
"944";"Lubsza";0,0824161290205849
"945";"Olszanka";0,137293407692841
"946";"Baborów";0,0875514887198509
"947";"Branice";0,0601813559701281
"948";"G³ubczyce";0,113781585255312
"949";"Kietrz";0,0934652929408139
"950";"Domaszowice";0,0622644156094796
"951";"Namys³ów";0,122737185435748
"952";"Pokój";0,0723725583844352
"953";"Œwierczów";0,0571909264318603
"954";"Wilków";0,196870982399361
"955";"G³ucho³azy";0,126948510244344
"956";"Kamiennik";0,132827601131589
"957";"Korfantów";0,0481114043501899
"958";"£ambinowice";0,0922211552076733
"959";"Nysa";0,0807300440289829
"960";"Otmuchów";0,0728789864714398
"961";"Paczków";0,0776773330841394
"962";"Pakos³awice";0,0564682036651143
"963";"Skoroszyce";0,0605561863674131
"964";"Bia³a";0,0647535816894239
"965";"G³ogówek";0,0814603861472635
"966";"Lubrza";0,0519451365382966
"967";"Prudnik";0,0898750888872721
"968";"Kêdzierzyn-KoŸle";0,250530908003288
"969";"Bierawa";0,169519459570975
"970";"Cisek";0,068567222589302
"971";"Paw³owiczki";0,0536418403233589
"972";"Polska Cerekiew";0,211977958352994
"973";"Reñska Wieœ";0,0711788614532556
"974";"Byczyna";0,0719211029389024
"975";"Kluczbork";0,129832829400678
"976";"Lasowice Wielkie";0,0662369498897023
"977";"Wo³czyn";0,0918537906063571
"978";"Gogolin";0,250215606393472
"979";"Krapkowice";0,144430714090858
"980";"Strzeleczki";0,0627847768934276
"981";"Walce";0,105414642050107
"982";"Zdzieszowice";0,245958630393589
"983";"Dobrodzieñ";0,11725191356264
"984";"Gorzów Œl¹ski";0,100096520397387
"985";"Olesno";0,0898923844556507
"986";"Praszka";0,0972550067684687
"987";"Rad³ów";0,0473905826638611
"988";"Rudniki";0,0376344081004553
"989";"Zêbowice";0,0465991090676929
"990";"Chrz¹stowice";0,0884955574062924
"991";"D¹browa";0,111447051207112
"992";"Dobrzeñ Wielki";0,0886299218267254
"993";"Komprachcice";0,0801101051986918
"994";"£ubniany";0,0710257554291806
"995";"Murów";0,158435865129702
"996";"Niemodlin";0,128074157213221
"997";"Ozimek";0,160361767916503
"998";"Popielów";0,073804335437735
"999";"Prószków";0,139411517150223
"1000";"Tarnów Opolski";0,134524050513102
"1001";"Tu³owice";0,169253964024547
"1002";"Turawa";0,125911801545106
"1003";"Izbicko";0,122511082508777
"1004";"Jemielnica";0,0574388867580658
"1005";"Kolonowskie";0,150879761709225
"1006";"Leœnica";0,115566424920938
"1007";"Strzelce Opolskie";0,156779160154754
"1008";"Ujazd";0,17132397810911
"1009";"Zawadzkie";0,15905706915904
"1010";"Opole";0,119229346637678
"1011";"Bia³e B³ota";0,135561866865897
"1012";"D¹browa Che³miñska";0,0779668799787586
"1013";"Dobrcz";0,082666404037486
"1014";"Koronowo";0,0958983099093354
"1015";"Nowa Wieœ Wielka";0,159942361511037
"1016";"Osielsko";0,0892103568944796
"1017";"Sicienko";0,106017687815241
"1018";"Solec Kujawski";0,132534378450797
"1019";"Che³m¿a";0,113246762174155
"1020";"Che³m¿a";0,0812346580760578
"1021";"Czernikowo";0,0414561134836147
"1022";"Lubicz";0,112130298353947
"1023";"£ubianka";0,0729062699039418
"1024";"£ysomice";0,207249795305332
"1025";"Obrowo";0,0506313445130923
"1026";"Wielka Nieszawka";0,152770712727296
"1027";"Z³awieœ Wielka";0,0677235522047834
"1028";"Bydgoszcz";0,101939708336499
"1029";"Toruñ";0,0901210481639502
"1030";"Brodnica";0,12891614942966
"1031";"Bobrowo";0,0501391543879179
"1032";"Brodnica";0,0662235682854787
"1033";"Brzozie";0,0573209384342035
"1034";"Górzno";0,0578473407600562
"1035";"Bartniczka";0,0645696772386423
"1036";"Jab³onowo Pomorskie";0,0557650937582288
"1037";"Osiek";0,100543974826994
"1038";"Œwiedziebnia";0,0240723762882704
"1039";"Zbiczno";0,0587843374568744
"1040";"Che³mno";0,0908916668916225
"1041";"Che³mno";0,0513651251800415
"1042";"Kijewo Królewskie";0,0649498191366359
"1043";"Lisewo";0,0948102272079796
"1044";"Papowo Biskupie";0,061449358420893
"1045";"Stolno";0,0947226305434142
"1046";"Unis³aw";0,0589998167527472
"1047";"Golub-Dobrzyñ";0,108850417987286
"1048";"Ciechocin";0,0623893587164315
"1049";"Golub-Dobrzyñ";0,056772607630277
"1050";"Kowalewo Pomorskie";0,101988159675831
"1051";"Radomin";0,0541095419827691
"1052";"Zbójno";0,0368588281935049
"1053";"Grudzi¹dz";0,138834131829798
"1054";"Gruta";0,0562902289473183
"1055";"£asin";0,0810795484508018
"1056";"Radzyñ Che³miñski";0,153788941090454
"1057";"RogóŸno";0,0664364736780451
"1058";"Œwiecie nad Os¹";0,0738208157969411
"1059";"Rypin";0,107638481408326
"1060";"Brzuze";0,0615336420798493
"1061";"Rogowo";0,0527192039681901
"1062";"Rypin";0,0939597658068058
"1063";"Skrwilno";0,0320366542905779
"1064";"W¹pielsk";0,0339748988729912
"1065";"W¹brzeŸno";0,151642190128842
"1066";"Dêbowa £¹ka";0,0593918928610482
"1067";"Ksi¹¿ki";0,0456259292349954
"1068";"P³u¿nica";0,0921879890709446
"1069";"Ryñsk";0,0737888677888142
"1070";"Grudzi¹dz";0,0901047763617496
"1071";"Aleksandrów Kujawski";0,0940771082257035
"1072";"Ciechocinek";0,110669622981294
"1073";"Nieszawa";0,0919074656400987
"1074";"Aleksandrów Kujawski";0,066433754107545
"1075";"B¹dkowo";0,0812692439303643
"1076";"Koneck";0,0507525813070258
"1077";"Raci¹¿ek";0,071600632622286
"1078";"Waganiec";0,0844300098319692
"1079";"Zakrzewo";0,158520179171244
"1080";"Lipno";0,110428371339105
"1081";"Bobrowniki";0,124422140181656
"1082";"Chrostkowo";0,0478886193896122
"1083";"Dobrzyñ nad Wis³¹";0,0769360753851067
"1084";"Kikó³";0,0362106808233201
"1085";"Lipno";0,0532394619418362
"1086";"Skêpe";0,0639152833220837
"1087";"T³uchowo";0,0905907173015073
"1088";"Wielgie";0,0766465195017011
"1089";"Radziejów";0,113174735603094
"1090";"Bytoñ";0,0473301277999793
"1091";"Dobre";0,05745101725561
"1092";"Osiêciny";0,0433311051995883
"1093";"Piotrków Kujawski";0,0885788022525807
"1094";"Radziejów";0,169316896406331
"1095";"Topólka";0,0604944579426227
"1096";"Kowal";0,0712374165058987
"1097";"Baruchowo";0,0578740984358462
"1098";"Boniewo";0,0339257611425455
"1099";"Brzeœæ Kujawski";0,142798761548223
"1100";"Choceñ";0,044678386906418
"1101";"Chodecz";0,0888509141243414
"1102";"Fabianki";0,0837944234230997
"1103";"Izbica Kujawska";0,0522298678514218
"1104";"Kowal";0,0451574951726128
"1105";"Lubanie";0,205145852007519
"1106";"Lubieñ Kujawski";0,0811441238129251
"1107";"Lubraniec";0,0560980082109364
"1108";"W³oc³awek";0,0688944285616227
"1109";"W³oc³awek";0,162257291307849
"1110";"Inowroc³aw";0,115073033752029
"1111";"D¹browa Biskupia";0,0803937389153112
"1112";"Gniewkowo";0,116140888987898
"1113";"Inowroc³aw";0,114384117113696
"1114";"Janikowo";0,173651631825779
"1115";"Kruszwica";0,128179930334639
"1116";"Pakoœæ";0,135777475961495
"1117";"Rojewo";0,104572586208401
"1118";"Z³otniki Kujawskie";0,0589728200501154
"1119";"D¹browa";0,040335780976609
"1120";"Jeziora Wielkie";0,051361456529103
"1121";"Mogilno";0,161978519367857
"1122";"Strzelno";0,115043116183038
"1123";"Kcynia";0,0514660146049353
"1124";"Mrocza";0,0451529175136198
"1125";"Nak³o nad Noteci¹";0,0981256331785503
"1126";"Sadki";0,0667276715797721
"1127";"Szubin";0,083576837883058
"1128";"Barcin";0,229771231204434
"1129";"G¹sawa";0,0734414697945304
"1130";"Janowiec Wielkopolski";0,0548309148319668
"1131";"£abiszyn";0,0606781500498483
"1132";"Rogowo";0,0462182171038482
"1133";"¯nin";0,102241616682695
"1134";"Kamieñ Krajeñski";0,0629118661329914
"1135";"Sêpólno Krajeñskie";0,0964460188158316
"1136";"Soœno";0,03334437294196
"1137";"Wiêcbork";0,0764763855778704
"1138";"Bukowiec";0,0885931494643375
"1139";"Dragacz";0,111668397832085
"1140";"Drzycim";0,0664089388463128
"1141";"Je¿ewo";0,0499633492297377
"1142";"Lniano";0,044847578559666
"1143";"Nowe";0,0787822857981941
"1144";"Osie";0,105112045018306
"1145";"Pruszcz";0,0571588386131362
"1146";"Œwiecie";0,17292169945689
"1147";"Œwiekatowo";0,0315085052282141
"1148";"Warlubie";0,0536421307433801
"1149";"Cekcyn";0,0592941720977951
"1150";"Gostycyn";0,0342866405646036
"1151";"Kêsowo";0,0247166392739138
"1152";"Lubiewo";0,0442253698250197
"1153";"Œliwice";0,0683773931964283
"1154";"Tuchola";0,0854648575739587
"1155";"Pruszcz Gdañski";0,12785945480514
"1156";"Cedry Wielkie";0,0665571067868383
"1157";"Kolbudy";0,1209024035486
"1158";"Pruszcz Gdañski";0,107256594474249
"1159";"Przywidz";0,047808523691983
"1160";"Pszczó³ki";0,0792716539827648
"1161";"Suchy D¹b";0,0684012412040879
"1162";"Tr¹bki Wielkie";0,0634724310846483
"1163";"Chmielno";0,0596660905894498
"1164";"Kartuzy";0,0601581223043579
"1165";"Przodkowo";0,066233414987271
"1166";"Sierakowice";0,0427828128760656
"1167";"Somonino";0,056839275426991
"1168";"Stê¿yca";0,0737938133722773
"1169";"Sulêczyno";0,0869387086271898
"1170";"¯ukowo";0,0917151203029326
"1171";"Krynica Morska";0,205988126109494
"1172";"Nowy Dwór Gdañski";0,0854840136167281
"1173";"Ostaszewo";0,0556228232016014
"1174";"Stegna";0,15729585018728
"1175";"Sztutowo";0,141798022659374
"1176";"Hel";0,128801187067956
"1177";"Jastarnia";0,164311493467502
"1178";"Puck";0,0809410391501141
"1179";"W³adys³awowo";0,160022179367678
"1180";"Kosakowo";0,171807509401081
"1181";"Krokowa";0,176539674751699
"1182";"Puck";0,0877246325185714
"1183";"Reda";0,0801988185540133
"1184";"Rumia";0,0828612424452615
"1185";"Wejherowo";0,0623007019899541
"1186";"Choczewo";0,110782239832932
"1187";"Gniewino";0,306238611892613
"1188";"Linia";0,0506437351908477
"1189";"Luzino";0,0560363996485146
"1190";"£êczyce";0,0818646525860662
"1191";"Szemud";0,0688353826188809
"1192";"Wejherowo";0,107454600886089
"1193";"Borzytuchom";0,049024669935133
"1194";"Bytów";0,107080273116381
"1195";"Czarna D¹brówka";0,0468440594153255
"1196";"Ko³czyg³owy";0,0824613883924425
"1197";"Lipnica";0,0838751447916444
"1198";"Miastko";0,0834758498980928
"1199";"Parchowo";0,0613676103323342
"1200";"Studzienice";0,098522736594545
"1201";"Trzebielino";0,0577916887625257
"1202";"Tuchomie";0,0734995397960064
"1203";"Lêbork";0,0850904432284944
"1204";"£eba";0,134980972946692
"1205";"Cewice";0,0921960256259787
"1206";"Nowa Wieœ Lêborska";0,0858174325659266
"1207";"Wicko";0,231969043960471
"1208";"Ustka";0,0754504507669305
"1209";"Damnica";0,0926955779947625
"1210";"Dêbnica Kaszubska";0,0508398570730717
"1211";"G³ówczyce";0,0598343117213665
"1212";"Kêpice";0,0582546504321805
"1213";"Kobylnica";0,158043569941831
"1214";"Potêgowo";0,0934277231760472
"1215";"S³upsk";0,14222300220383
"1216";"Smo³dzino";0,0481904058071224
"1217";"Ustka";0,207755889902061
"1218";"S³upsk";0,0809991106141281
"1219";"Kwidzyn";0,184129076081733
"1220";"Gardeja";0,0707063265895367
"1221";"Kwidzyn";0,139290298933684
"1222";"Prabuty";0,065587227128063
"1223";"Ryjewo";0,0404212015453315
"1224";"Sadlinki";0,0314703708700103
"1225";"Malbork";0,0932005383674735
"1226";"Lichnowy";0,0343259598809444
"1227";"Malbork";0,134674632908624
"1228";"Mi³oradz";0,0378004305207201
"1229";"Nowy Staw";0,163173107335392
"1230";"Stare Pole";0,177805197660967
"1231";"Czarna Woda";0,238748179839262
"1232";"Skórcz";0,0528480934378244
"1233";"Starogard Gdañski";0,105259346729054
"1234";"Bobowo";0,0446042242168646
"1235";"Kaliska";0,06809460443145
"1236";"Lubichowo";0,0661839323406075
"1237";"Osieczna";0,0904153007174955
"1238";"Osiek";0,0890913653306944
"1239";"Skarszewy";0,0769339760961778
"1240";"Skórcz";0,0696731906301952
"1241";"Smêtowo Graniczne";0,0762149198029278
"1242";"Starogard Gdañski";0,0930257390616214
"1243";"Zblewo";0,0528000179254764
"1244";"Tczew";0,0876258823581042
"1245";"Gniew";0,0751764889659666
"1246";"Morzeszczyn";0,0654435399590686
"1247";"Pelplin";0,10763286933328
"1248";"Subkowy";0,0883540061670672
"1249";"Tczew";0,168625729500217
"1250";"Dzierzgoñ";0,0631854759585809
"1251";"Miko³ajki Pomorskie";0,020351215119561
"1252";"Stary Dzierzgoñ";0,0631962081177587
"1253";"Stary Targ";0,0504764303757724
"1254";"Sztum";0,122641542117342
"1255";"Gdañsk";0,124412921184972
"1256";"Gdynia";0,0835974183507164
"1257";"Sopot";0,0542735269343497
"1258";"Chojnice";0,0783755892592355
"1259";"Brusy";0,0507221737376083
"1260";"Chojnice";0,0563512252121567
"1261";"Czersk";0,0540188638947841
"1262";"Konarzyny";0,0737588051169452
"1263";"Cz³uchów";0,102215495807455
"1264";"Czarne";0,0881581032324346
"1265";"Cz³uchów";0,0845901557265732
"1266";"Debrzno";0,0462557814451253
"1267";"Kocza³a";0,106971629378495
"1268";"Przechlewo";0,0935504114448048
"1269";"Rzeczenica";0,104476410297949
"1270";"Koœcierzyna";0,0686654892016718
"1271";"Dziemiany";0,067560328360346
"1272";"Karsin";0,0888524306631645
"1273";"Koœcierzyna";0,127779391925167
"1274";"Liniewo";0,0692162420817255
"1275";"Lipusz";0,050346804965052
"1276";"Nowa Karczma";0,0772829404042422
"1277";"Stara Kiszewa";0,0624888491293564
"1278";"Braniewo";0,079521641348352
"1279";"Braniewo";0,10737266511394
"1280";"Frombork";0,0748860534013066
"1281";"Lelkowo";0,0315149769407253
"1282";"Pieniê¿no";0,0758340395700335
"1283";"P³oskinia";0,131117439258187
"1284";"Wilczêta";0,0661570433845066
"1285";"Dzia³dowo";0,0979355346334494
"1286";"Dzia³dowo";0,0790632627222934
"1287";"I³owo-Osada";0,0545618171188093
"1288";"Lidzbark";0,0876038953168199
"1289";"P³oœnica";0,101416550550712
"1290";"Rybno";0,0737092943787059
"1291";"Elbl¹g";0,18973745751494
"1292";"Godkowo";0,0608844668377775
"1293";"Gronowo Elbl¹skie";0,0772105391961434
"1294";"Markusy";0,0420866728614506
"1295";"Milejewo";0,078536182038325
"1296";"M³ynary";0,0808876375440715
"1297";"Pas³êk";0,0700446260669044
"1298";"Rychliki";0,0426447532425844
"1299";"Tolkmicko";0,0620449153537627
"1300";"I³awa";0,0913646957519115
"1301";"Lubawa";0,160526351601919
"1302";"I³awa";0,0897393242281308
"1303";"Kisielice";0,14903841894597
"1304";"Lubawa";0,068856329844393
"1305";"Susz";0,0852785318009416
"1306";"Zalewo";0,111032941428784
"1307";"Nowe Miasto Lubawskie";0,109274634241466
"1308";"Biskupiec";0,0687939942508808
"1309";"Grodziczno";0,0555846341740104
"1310";"Kurzêtnik";0,0780972800971924
"1311";"Nowe Miasto Lubawskie";0,0548662043157552
"1312";"Ostróda";0,117198307747582
"1313";"D¹brówno";0,0862778304729906
"1314";"Grunwald";0,0433335168875463
"1315";"£ukta";0,0990939380193841
"1316";"Ma³dyty";0,0897722010272587
"1317";"Mi³akowo";0,0663253160088955
"1318";"Mi³om³yn";0,0793032450452246
"1319";"Mor¹g";0,1141819167847
"1320";"Ostróda";0,130890304500719
"1321";"Elbl¹g";0,0902668205137853
"1322";"E³k";0,0942181825741314
"1323";"E³k";0,155298163052378
"1324";"Kalinowo";0,0379792199610313
"1325";"Prostki";0,0791069884375151
"1326";"Stare Juchy";0,0600227594509946
"1327";"Gi¿ycko";0,0797281795793336
"1328";"Gi¿ycko";0,17081565440318
"1329";"Kruklanki";0,0894092544609295
"1330";"Mi³ki";0,0710162741129272
"1331";"Ryn";0,0816782112404101
"1332";"Wydminy";0,0740522385055557
"1333";"Kowale Oleckie";0,0524957617791879
"1334";"Olecko";0,116452472822543
"1335";"Œwiêtajno";0,0356303982856632
"1336";"Wieliczki";0,107718899171449
"1337";"Bia³a Piska";0,0659778385390854
"1338";"Orzysz";0,188810743901516
"1339";"Pisz";0,0876363052523095
"1340";"Ruciane-Nida";0,120187585239088
"1341";"Banie Mazurskie";0,0661910528326648
"1342";"Dubeninki";0,0479621634167617
"1343";"Go³dap";0,0906182705598682
"1344";"Budry";0,0367901782393295
"1345";"Pozezdrze";0,0738017506524527
"1346";"Wêgorzewo";0,0939365496091656
"1347";"Bartoszyce";0,0721894583335116
"1348";"Górowo I³aweckie";0,0678413757148352
"1349";"Bartoszyce";0,0421682998104294
"1350";"Bisztynek";0,0616842885131772
"1351";"Górowo I³aweckie";0,0655439789945801
"1352";"Sêpopol";0,0257767226448285
"1353";"Kêtrzyn";0,0643663236401966
"1354";"Barciany";0,0432291458203985
"1355";"Kêtrzyn";0,069011252175432
"1356";"Korsze";0,0845784048355348
"1357";"Reszel";0,0773204166068963
"1358";"Srokowo";0,0513486728532028
"1359";"Lidzbark Warmiñski";0,102936128899678
"1360";"Kiwity";0,0331541981056444
"1361";"Lidzbark Warmiñski";0,111320383637778
"1362";"Lubomino";0,0440568561389141
"1363";"Orneta";0,0766915873735807
"1364";"Mr¹gowo";0,12173877763556
"1365";"Miko³ajki";0,10839763401256
"1366";"Mr¹gowo";0,11366406532582
"1367";"Piecki";0,0807461669538642
"1368";"Sorkwity";0,0868223415525697
"1369";"Janowiec Koœcielny";0,0344804865382621
"1370";"Janowo";0,0793727583011748
"1371";"Koz³owo";0,0609591280697425
"1372";"Nidzica";0,117347668818081
"1373";"Barczewo";0,0942805003303893
"1374";"Biskupiec";0,0794671122680183
"1375";"Dobre Miasto";0,0916604396066494
"1376";"Dywity";0,0953711770004117
"1377";"Gietrzwa³d";0,0905209115796704
"1378";"Jeziorany";0,0705394641962537
"1379";"Jonkowo";0,119057805095778
"1380";"Kolno";0,0542155242974493
"1381";"Olsztynek";0,190086434699088
"1382";"Purda";0,127263562834972
"1383";"Stawiguda";0,111916883877553
"1384";"Œwi¹tki";0,0539621030718661
"1385";"Szczytno";0,0746079767709107
"1386";"DŸwierzuty";0,102989216907075
"1387";"Jedwabno";0,144380315037512
"1388";"Pasym";0,0874090209988928
"1389";"Rozogi";0,0489254268866327
"1390";"Szczytno";0,135964658584372
"1391";"Œwiêtajno";0,101818884294757
"1392";"Wielbark";0,185565824496122
"1393";"Olsztyn";0,0831774436910332
"1394";"Andrespol";0,0745320215160918
"1395";"Brójce";0,114126708036879
"1396";"Koluszki";0,133224776854154
"1397";"Nowosolna";0,133620946985599
"1398";"Rzgów";0,186984789017252
"1399";"Tuszyn";0,14444152582332
"1400";"Konstantynów £ódzki";0,169500455533596
"1401";"Pabianice";0,113918516395315
"1402";"D³utów";0,0565310826121126
"1403";"Dobroñ";0,100530227353265
"1404";"Ksawerów";0,164070389411749
"1405";"Lutomiersk";0,107777811634405
"1406";"Pabianice";0,200564633230722
"1407";"G³owno";0,114374639486816
"1408";"Ozorków";0,111807697292295
"1409";"Zgierz";0,0912494245684734
"1410";"Aleksandrów £ódzki";0,100137813170624
"1411";"G³owno";0,0410545955757113
"1412";"Ozorków";0,182376077474022
"1413";"Parzêczew";0,172731861318653
"1414";"Stryków";0,405400360359561
"1415";"Zgierz";0,136894894746457
"1416";"Brzeziny";0,0752904360123412
"1417";"Brzeziny";0,0876132206171435
"1418";"Dmosin";0,101006688317891
"1419";"Je¿ów";0,0676986987952607
"1420";"Rogów";0,0434699303463143
"1421";"£ódŸ";0,0936178800925647
"1422";"Be³chatów";0,0965988653793673
"1423";"Be³chatów";0,127164833530097
"1424";"Dru¿bice";0,0577685481423373
"1425";"Kleszczów";0,554549938109211
"1426";"Kluki";0,137045999937851
"1427";"Rusiec";0,14275218461266
"1428";"Szczerców";0,237850321842511
"1429";"Zelów";0,0812221743069902
"1430";"Bia³aczów";0,026317574090876
"1431";"Drzewica";0,0427436348422466
"1432";"Mniszków";0,0848541519242948
"1433";"Opoczno";0,112453561670494
"1434";"Parady¿";0,0545445065591205
"1435";"Poœwiêtne";0,0513231826425166
"1436";"S³awno";0,104505758114974
"1437";"¯arnów";0,0343200082214662
"1438";"Aleksandrów";0,0282438461922158
"1439";"Czarnocin";0,0523908404314894
"1440";"Gorzkowice";0,068233357740936
"1441";"Grabica";0,267857828327567
"1442";"£êki Szlacheckie";0,0302284998041875
"1443";"Moszczenica";0,127169874188804
"1444";"Rêczno";0,0355811283277876
"1445";"Rozprza";0,0502575286802985
"1446";"Sulejów";0,0573958114997654
"1447";"Wola Krzysztoporska";0,150833836028929
"1448";"Wolbórz";0,153965966859729
"1449";"Radomsko";0,176314588016146
"1450";"Dobryszyce";0,123037188147843
"1451";"Gidle";0,0385232958355459
"1452";"Gomunice";0,0542586920862226
"1453";"Kamieñsk";0,145506632786948
"1454";"Kobiele Wielkie";0,0392538082283509
"1455";"Kodr¹b";0,0395439136722257
"1456";"Lgota Wielka";0,0418502805832426
"1457";"£adzice";0,129862352548915
"1458";"Mas³owice";0,0496413149232575
"1459";"Przedbórz";0,0565142941679355
"1460";"Radomsko";0,102839258347981
"1461";"Wielgom³yny";0,0410635598856798
"1462";"¯ytno";0,0333282043021205
"1463";"Tomaszów Mazowiecki";0,130922939710592
"1464";"Bêdków";0,0305044623970143
"1465";"Budziszewice";0,0336611257529287
"1466";"Czerniewice";0,117206950541367
"1467";"Inow³ódz";0,13086653216864
"1468";"Lubochnia";0,080544958455144
"1469";"Rokiciny";0,0723745912243506
"1470";"Rzeczyca";0,0310383847508292
"1471";"Tomaszów Mazowiecki";0,0841219771522638
"1472";"Ujazd";0,219912259459207
"1473";"¯elechlinek";0,0389483956589478
"1474";"Piotrków Trybunalski";0,100315447122068
"1475";"Buczek";0,168697537819355
"1476";"£ask";0,110954883624438
"1477";"Sêdziejowice";0,0361918861416069
"1478";"Widawa";0,0520187266903985
"1479";"Wodzierady";0,0907186103430424
"1480";"Dzia³oszyn";0,181736183922898
"1481";"Kie³czyg³ów";0,133066582463385
"1482";"Nowa BrzeŸnica";0,0574464088177847
"1483";"Pajêczno";0,0922698557635434
"1484";"Rz¹œnia";0,377532822192555
"1485";"Siemkowice";0,0586110683136908
"1486";"Strzelce Wielkie";0,0422786594893366
"1487";"Sulmierzyce";0,3603240526649
"1488";"Dalików";0,0463566773333113
"1489";"Pêczniew";0,0816201829019637
"1490";"Poddêbice";0,0777572081291254
"1491";"Uniejów";0,0990037158893379
"1492";"Wartkowice";0,147601599345458
"1493";"Zadzim";0,0495106081085476
"1494";"Sieradz";0,13569834276281
"1495";"B³aszki";0,0779094381801185
"1496";"Br¹szewice";0,0471453261203503
"1497";"BrzeŸnio";0,0546946774531534
"1498";"Burzenin";0,0483985141528989
"1499";"Goszczanów";0,0243800336697262
"1500";"Klonowa";0,0674246802247295
"1501";"Sieradz";0,0915767093697638
"1502";"Warta";0,0389412598238113
"1503";"Wróblew";0,0958506363615357
"1504";"Z³oczew";0,066019127180198
"1505";"Bia³a";0,0321920572092
"1506";"Czarno¿y³y";0,0768347180711755
"1507";"Konopnica";0,0629098171096925
"1508";"Mokrsko";0,0488892766239482
"1509";"Osjaków";0,0539752609353488
"1510";"Ostrówek";0,0629666667739651
"1511";"P¹tnów";0,0309946956523609
"1512";"Skomlin";0,0299637238390096
"1513";"Wieluñ";0,0910798353775695
"1514";"Wierzchlas";0,0331682356881008
"1515";"Boles³awiec";0,0347293396250506
"1516";"Czastary";0,0432935654086407
"1517";"Galewice";0,0532051710037033
"1518";"Lututów";0,0527464001000422
"1519";"£ubnice";0,0470168485007852
"1520";"Sokolniki";0,0564133600540874
"1521";"Wieruszów";0,167584035600675
"1522";"Zduñska Wola";0,110881547792244
"1523";"Szadek";0,0623184881333968
"1524";"Zapolice";0,0469789399616715
"1525";"Zduñska Wola";0,0858016535664775
"1526";"Kutno";0,186327660391262
"1527";"Bedlno";0,0437124312182822
"1528";"D¹browice";0,103462851989749
"1529";"Kroœniewice";0,0924227564422991
"1530";"Krzy¿anów";0,162122267516572
"1531";"Kutno";0,0677940297203302
"1532";"£aniêta";0,0419290959787718
"1533";"Nowe Ostrowy";0,127764806663393
"1534";"Oporów";0,0514393475322682
"1535";"Strzelce";0,0570610771213811
"1536";"¯ychlin";0,127950238773116
"1537";"£êczyca";0,102139468947314
"1538";"Daszyna";0,105416103047417
"1539";"Góra Œwiêtej Ma³gorzaty";0,0456824645238343
"1540";"Grabów";0,055332988087356
"1541";"£êczyca";0,0527307657668026
"1542";"Pi¹tek";0,147301482920195
"1543";"Œwinice Warckie";0,0364122292388934
"1544";"Witonia";0,0374367090893439
"1545";"£owicz";0,105460413365543
"1546";"Bielawy";0,037529726452474
"1547";"Ch¹œno";0,0275867928195043
"1548";"Domaniewice";0,0656869189406109
"1549";"Kiernozia";0,0377897421653514
"1550";"Kocierzew Po³udniowy";0,0211330041396698
"1551";"£owicz";0,0561204494767253
"1552";"£yszkowice";0,0825809861370702
"1553";"Nieborów";0,0619283868080706
"1554";"Zduny";0,0284560639809853
"1555";"Rawa Mazowiecka";0,122059628416173
"1556";"Bia³a Rawska";0,0836514875911611
"1557";"Ciel¹dz";0,0561253095651673
"1558";"Rawa Mazowiecka";0,138102617529168
"1559";"Regnów";0,12178518189922
"1560";"Sadkowice";0,0489145851591661
"1561";"Bolimów";0,069172447015733
"1562";"G³uchów";0,0943563945335122
"1563";"Godzianów";0,027001756888576
"1564";"Kowiesy";0,083236728817715
"1565";"Lipce Reymontowskie";0,03363286505672
"1566";"Maków";0,0321573682929301
"1567";"Nowy Kawêczyn";0,122208126880992
"1568";"Skierniewice";0,0888923706122361
"1569";"S³upia";0,0851199248021806
"1570";"Skierniewice";0,0765302939335179
"1571";"Bieliny";0,0104818191127891
"1572";"Bodzentyn";0,04096766740918
"1573";"Chêciny";0,0935486908915466
"1574";"Chmielnik";0,0669627623155371
"1575";"Daleszyce";0,0609393393370678
"1576";"Górno";0,0297703786158117
"1577";"£agów";0,0587579912736002
"1578";"£opuszno";0,0278494547821238
"1579";"Mas³ów";0,095171078536625
"1580";"Miedziana Góra";0,0440218184904246
"1581";"Mniów";0,0280939911307555
"1582";"Morawica";0,0917920512729896
"1583";"Nowa S³upia";0,0247909908187021
"1584";"Piekoszów";0,0887588811928788
"1585";"Pierzchnica";0,0475741346893787
"1586";"Raków";0,0243399183575796
"1587";"Nowiny";0,257418880605645
"1588";"Strawczyn";0,0709695200191644
"1589";"Zagnañsk";0,0688038307132897
"1590";"Fa³ków";0,0452714778134327
"1591";"Gowarczów";0,0439280568018021
"1592";"Koñskie";0,114976717091865
"1593";"Radoszyce";0,0304603102817493
"1594";"Ruda Maleniecka";0,0546361978331752
"1595";"S³upia Konecka";0,0351646557093643
"1596";"Smyków";0,0357942500697696
"1597";"St¹porków";0,0674975463447172
"1598";"Ostrowiec Œwiêtokrzyski";0,149860040967752
"1599";"Ba³tów";0,041907542696748
"1600";"Bodzechów";0,0462827254617493
"1601";"Æmielów";0,0478941839339292
"1602";"Kunów";0,0770089089797392
"1603";"Waœniów";0,0166043923819479
"1604";"Skar¿ysko-Kamienna";0,124345069825214
"1605";"Bli¿yn";0,0464981542196914
"1606";"£¹czna";0,0635800046835979
"1607";"Skar¿ysko Koœcielne";0,0768256703860249
"1608";"Suchedniów";0,0883327789939153
"1609";"Starachowice";0,150466374374865
"1610";"Brody";0,0453939941988074
"1611";"Mirzec";0,0398854161485344
"1612";"Paw³ów";0,0177534925152398
"1613";"W¹chock";0,0826570486308719
"1614";"Kielce";0,0781506936749071
"1615";"Busko-Zdrój";0,102461714227821
"1616";"Gnojno";0,0281462698943455
"1617";"Nowy Korczyn";0,0405430529705995
"1618";"Pacanów";0,0273389750199407
"1619";"Solec-Zdrój";0,0391109499366848
"1620";"Stopnica";0,0474176099808952
"1621";"Tuczêpy";0,190894174374246
"1622";"Wiœlica";0,044591414720661
"1623";"Imielno";0,0290363341114289
"1624";"Jêdrzejów";0,07966080232562
"1625";"Ma³ogoszcz";0,173648887981657
"1626";"Nag³owice";0,0367078346607518
"1627";"Oksa";0,0254411182025983
"1628";"Sêdziszów";0,10680018906973
"1629";"S³upia";0,0380708331557735
"1630";"Sobków";0,0486396920370183
"1631";"Wodzis³aw";0,0331511197610417
"1632";"Bejsce";0,028838256870948
"1633";"Czarnocin";0,0269932634817637
"1634";"Kazimierza Wielka";0,0563410612897695
"1635";"Opatowiec";0,0392151226927095
"1636";"Skalbmierz";0,0441289173449141
"1637";"Baækowice";0,0431474779150163
"1638";"Iwaniska";0,0326283785131112
"1639";"Lipnik";0,0702675482458743
"1640";"Opatów";0,0708191689712906
"1641";"O¿arów";0,162647139225555
"1642";"Sadowie";0,0444504370460501
"1643";"Tar³ów";0,0186348711958104
"1644";"Wojciechowice";0,045564701318634
"1645";"Dzia³oszyce";0,0544076342403537
"1646";"Kije";0,076653370022845
"1647";"Micha³ów";0,0376211912913962
"1648";"Piñczów";0,135481175082604
"1649";"Z³ota";0,021540256643972
"1650";"Sandomierz";0,13567242381873
"1651";"Dwikozy";0,0565157511456032
"1652";"Klimontów";0,0188928830156831
"1653";"Koprzywnica";0,0402762223718594
"1654";"£oniów";0,065258834573003
"1655";"Obrazów";0,0308243266104779
"1656";"Samborzec";0,0475312712193151
"1657";"Wilczyce";0,0349916505481786
"1658";"Zawichost";0,0412022568743004
"1659";"Bogoria";0,0525801113542073
"1660";"£ubnice";0,0168622589922111
"1661";"Oleœnica";0,106945405961102
"1662";"Osiek";0,175244458436075
"1663";"Po³aniec";0,309293426183799
"1664";"Rytwiany";0,0496398749448467
"1665";"Staszów";0,0838246699807889
"1666";"Szyd³ów";0,0603785836066632
"1667";"Kluczewsko";0,0197210930850403
"1668";"Krasocin";0,109306591890691
"1669";"Moskorzew";0,053933699814549
"1670";"Radków";0,038711530186301
"1671";"Secemin";0,06514412466262
"1672";"W³oszczowa";0,109903106897651
"1673";"Miêdzyrzec Podlaski";0,0917981294766155
"1674";"Terespol";0,069028207198301
"1675";"Bia³a Podlaska";0,0503281306624707
"1676";"Drelów";0,0209544136741596
"1677";"Janów Podlaski";0,0758426557892883
"1678";"Kodeñ";0,0280524796116068
"1679";"Konstantynów";0,0458388242959848
"1680";"Leœna Podlaska";0,0226621167192465
"1681";"£omazy";0,027476129149077
"1682";"Miêdzyrzec Podlaski";0,041198724071733
"1683";"Piszczac";0,0298958062139428
"1684";"Rokitno";0,0439773130903264
"1685";"Rossosz";0,0519500436564907
"1686";"S³awatycze";0,0290709022388831
"1687";"Sosnówka";0,0196076092402642
"1688";"Terespol";0,269994987818831
"1689";"Tuczna";0,0150086647888474
"1690";"Wisznice";0,0422868225337376
"1691";"Zalesie";0,12845704702233
"1692";"Dêbowa K³oda";0,0437238046333625
"1693";"Jab³oñ";0,0192398807591948
"1694";"Milanów";0,03895761502318
"1695";"Parczew";0,101738446364989
"1696";"Podedwórze";0,0562483501227656
"1697";"Siemieñ";0,0272576143892574
"1698";"Sosnowica";0,0714246618210848
"1699";"Radzyñ Podlaski";0,105988111886421
"1700";"Borki";0,0192597263896607
"1701";"Czemierniki";0,0337808517975661
"1702";"K¹kolewnica";0,0149912685522321
"1703";"Komarówka Podlaska";0,0232893847652014
"1704";"Radzyñ Podlaski";0,0539403017373819
"1705";"Ulan-Majorat";0,0178978067519373
"1706";"Wohyñ";0,0454784553168707
"1707";"W³odawa";0,106581316763781
"1708";"Hanna";0,0195960060290679
"1709";"Hañsk";0,0369121704835728
"1710";"Stary Brus";0,0221977213094394
"1711";"Urszulin";0,0571678349137371
"1712";"W³odawa";0,115256357359429
"1713";"Wola Uhruska";0,0475463585630374
"1714";"Wyryki";0,0345891046980118
"1715";"Bia³a Podlaska";0,0694128125397154
"1716";"Bi³goraj";0,0991803447150928
"1717";"Aleksandrów";0,0120306321854697
"1718";"Bi³goraj";0,0512203060276701
"1719";"Biszcza";0,0454540649832313
"1720";"Frampol";0,0308160452026125
"1721";"Goraj";0,0187876973953356
"1722";"Józefów";0,0431535203837868
"1723";"Ksiê¿pol";0,0437123478787385
"1724";"£ukowa";0,0706508842795347
"1725";"Obsza";0,0244931854291191
"1726";"Potok Górny";0,0191623109673795
"1727";"Tarnogród";0,0593510709071418
"1728";"Tereszpol";0,0379350906027719
"1729";"Turobin";0,0180889055049726
"1730";"Rejowiec Fabryczny";0,0940529112649618
"1731";"Bia³opole";0,0264584769789933
"1732";"Che³m";0,0834590096734885
"1733";"Dorohusk";0,100086128101727
"1734";"Dubienka";0,0643705150706319
"1735";"Kamieñ";0,0564466003782752
"1736";"Leœniowice";0,027685196481347
"1737";"Rejowiec Fabryczny";0,0494419526353601
"1738";"Ruda-Huta";0,0228313435058987
"1739";"Sawin";0,0306562587077004
"1740";"Siedliszcze";0,0317566037896606
"1741";"Wierzbica";0,0242233698984443
"1742";"Wojs³awice";0,0212666618569411
"1743";"¯mudŸ";0,0307957341653478
"1744";"Rejowiec";0,0560299925447805
"1745";"Hrubieszów";0,105044212536557
"1746";"Do³hobyczów";0,0343994146334581
"1747";"Horod³o";0,0763008453661276
"1748";"Hrubieszów";0,0266704288075961
"1749";"Mircze";0,0391786060253465
"1750";"Trzeszczany";0,043275823027427
"1751";"Uchanie";0,0346000090254415
"1752";"Werbkowice";0,0952278661764235
"1753";"Krasnystaw";0,118142099265306
"1754";"Fajs³awice";0,0346279996641515
"1755";"Gorzków";0,0233205198679724
"1756";"Izbica";0,02673521502128
"1757";"Krasnystaw";0,145159610695124
"1758";"Kraœniczyn";0,0322124359288786
"1759";"£opiennik Górny";0,0243068129711368
"1760";"Rudnik";0,0169163281644304
"1761";"Siennica Ró¿ana";0,0378383568732487
"1762";"¯ó³kiewka";0,0320991783177596
"1763";"Tomaszów Lubelski";0,0900094080276913
"1764";"Be³¿ec";0,0807892573838936
"1765";"Jarczów";0,102782717715469
"1766";"Krynice";0,0201595862919685
"1767";"Lubycza Królewska";0,0721943519524613
"1768";"£aszczów";0,0899390210992855
"1769";"Rachanie";0,0223493059307133
"1770";"Susiec";0,023489695099552
"1771";"Tarnawatka";0,020953489562147
"1772";"Telatyn";0,0228569226420673
"1773";"Tomaszów Lubelski";0,0691282780441033
"1774";"Tyszowce";0,0931874049417841
"1775";"Ulhówek";0,027322437408394
"1776";"Adamów";0,0542822397311663
"1777";"Grabowiec";0,0204193703370258
"1778";"Komarów-Osada";0,0277759216162203
"1779";"Krasnobród";0,0620450439784336
"1780";"£abunie";0,0326477106817377
"1781";"Mi¹czyn";0,0407622147874146
"1782";"Nielisz";0,0229687087414009
"1783";"Radecznica";0,0153808639022296
"1784";"Sitno";0,020369159249602
"1785";"Skierbieszów";0,0393982327139977
"1786";"Stary Zamoœæ";0,0230335443462135
"1787";"Su³ów";0,0194158017024991
"1788";"Szczebrzeszyn";0,0990428853930463
"1789";"Zamoœæ";0,0695670068385512
"1790";"Zwierzyniec";0,118641847786234
"1791";"Che³m";0,0747928403597063
"1792";"Zamoœæ";0,0673123730963826
"1793";"Lubartów";0,102463514278595
"1794";"Abramów";0,0303735884597626
"1795";"Firlej";0,0340963837025085
"1796";"Jeziorzany";0,0362865387570228
"1797";"Kamionka";0,0292660282328305
"1798";"Kock";0,0240096631274001
"1799";"Lubartów";0,0846307514253033
"1800";"Michów";0,0838873235978524
"1801";"NiedŸwiada";0,0206780190405515
"1802";"Ostrów Lubelski";0,0252278524874846
"1803";"Ostrówek";0,0144372917925165
"1804";"Serniki";0,0161300025376578
"1805";"Uœcimów";0,0677691512838846
"1806";"Be³¿yce";0,0593279991633472
"1807";"Borzechów";0,0218368887665294
"1808";"Bychawa";0,0391921238901252
"1809";"Garbów";0,0365699188963832
"1810";"G³usk";0,0539078055745249
"1811";"Jab³onna";0,0224265712178133
"1812";"Jastków";0,0518433216899573
"1813";"Konopnica";0,0594900725184324
"1814";"Krzczonów";0,0263193854295129
"1815";"Niedrzwica Du¿a";0,0402700678463899
"1816";"Niemce";0,0845451837070939
"1817";"Strzy¿ewice";0,0527279040018734
"1818";"Wojciechów";0,0239852548026149
"1819";"Wólka";0,0575568024902768
"1820";"Wysokie";0,0251049169747683
"1821";"Zakrzew";0,0240873334715334
"1822";"Cyców";0,233035764084455
"1823";"Ludwin";0,117707103292254
"1824";"£êczna";0,0679335831617358
"1825";"Milejów";0,0591888830363256
"1826";"Puchaczów";0,340413761694745
"1827";"Spiczyn";0,0405620448060833
"1828";"Œwidnik";0,0832863542810685
"1829";"Me³giew";0,0564927200418538
"1830";"Piaski";0,0734293573088844
"1831";"Rybczewice";0,0191090934848312
"1832";"Trawniki";0,0611284345877714
"1833";"Lublin";0,0924091181086225
"1834";"Batorz";0,0181679514640961
"1835";"Chrzanów";0,00994158361223398
"1836";"Dzwola";0,0185031839468944
"1837";"Godziszów";0,0147333586170163
"1838";"Janów Lubelski";0,0820579305621206
"1839";"Modliborzyce";0,0429920457885977
"1840";"Potok Wielki";0,0242266968754584
"1841";"Kraœnik";0,114922220652864
"1842";"Annopol";0,0411103049839688
"1843";"Dzierzkowice";0,0208381760015768
"1844";"Goœcieradów";0,0387746256933891
"1845";"Kraœnik";0,0622539048907
"1846";"Szastarka";0,0150108305208418
"1847";"Trzydnik Du¿y";0,026575899846173
"1848";"Urzêdów";0,0221488560482269
"1849";"Wilko³az";0,0193823694367441
"1850";"Zakrzówek";0,0181128911108761
"1851";"£uków";0,0824185484455679
"1852";"Stoczek £ukowski";0,0821423930165773
"1853";"Adamów";0,0240606839064819
"1854";"Krzywda";0,0276017743426164
"1855";"£uków";0,0333050472673006
"1856";"Serokomla";0,02191887427394
"1857";"Stanin";0,0271171693516712
"1858";"Stoczek £ukowski";0,0599299679563181
"1859";"Trzebieszów";0,0299527545044778
"1860";"Wojcieszków";0,0119012650832868
"1861";"Wola Mys³owska";0,0253912468546439
"1862";"Chodel";0,0381026180171905
"1863";"Józefów nad Wis³¹";0,0204054467495077
"1864";"Karczmiska";0,0224096875884266
"1865";"£aziska";0,0254205389562845
"1866";"Opole Lubelskie";0,0542029242541662
"1867";"Poniatowa";0,0717691008996321
"1868";"Wilków";0,0382181680576828
"1869";"Pu³awy";0,19761622480506
"1870";"Baranów";0,0477543318978471
"1871";"Janowiec";0,0448309531651968
"1872";"Kazimierz Dolny";0,0719518318277066
"1873";"Koñskowola";0,0736042311220599
"1874";"Kurów";0,0684653514636205
"1875";"Markuszów";0,0588943523562004
"1876";"Na³êczów";0,0778870020613257
"1877";"Pu³awy";0,0623458340028202
"1878";"W¹wolnica";0,0632229771906243
"1879";"¯yrzyn";0,0339951347172236
"1880";"Dêblin";0,126145640936533
"1881";"K³oczew";0,024979921928976
"1882";"Nowodwór";0,0162737380600957
"1883";"Ryki";0,0615129270995199
"1884";"Stê¿yca";0,0903851867629514
"1885";"U³ê¿";0,0332031923891388
"1886";"Czarna";0,0787631686910532
"1887";"Lutowiska";0,118662842547744
"1888";"Ustrzyki Dolne";0,079683107854774
"1889";"Brzozów";0,0611347209752615
"1890";"Domaradz";0,021513152698117
"1891";"Dydnia";0,0246177318866049
"1892";"Haczów";0,027997162579796
"1893";"Jasienica Rosielna";0,0301260175980934
"1894";"Nozdrzec";0,0230245674253451
"1895";"Jas³o";0,154140297115986
"1896";"Brzyska";0,0230923311518588
"1897";"Dêbowiec";0,0316911089043987
"1898";"Jas³o";0,0447387841315081
"1899";"Ko³aczyce";0,031600468739129
"1900";"Krempna";0,0510596476059804
"1901";"Nowy ¯migród";0,0243676394233938
"1902";"Osiek Jasielski";0,0176337573989455
"1903";"Sko³yszyn";0,0461225155195411
"1904";"Tarnowiec";0,0360149528567345
"1905";"Chorkówka";0,0527295726716259
"1906";"Dukla";0,0633999815099597
"1907";"Iwonicz-Zdrój";0,054446421384424
"1908";"Jedlicze";0,110814222298016
"1909";"Korczyna";0,0564306839533532
"1910";"Kroœcienko Wy¿ne";0,0695415758169751
"1911";"Miejsce Piastowe";0,055718308655631
"1912";"Rymanów";0,0530988512556249
"1913";"Wojaszówka";0,0333062029090527
"1914";"Jaœliska";0,0205002052821358
"1915";"Sanok";0,118623461157085
"1916";"Besko";0,0394438496184297
"1917";"Bukowsko";0,0499347630708808
"1918";"Komañcza";0,0916865835591256
"1919";"Sanok";0,076628655448713
"1920";"Tyrawa Wo³oska";0,0288175519742693
"1921";"Zagórz";0,0779790204942174
"1922";"Zarszyn";0,036816077440835
"1923";"Baligród";0,0496607287879057
"1924";"Cisna";0,136443174200545
"1925";"Lesko";0,0804522707241534
"1926";"Olszanica";0,0449306675507231
"1927";"Solina";0,166369542051514
"1928";"Krosno";0,0906579290134485
"1929";"Jaros³aw";0,137938990232146
"1930";"Radymno";0,100047823713554
"1931";"Ch³opice";0,0429905785150066
"1932";"Jaros³aw";0,082656282736341
"1933";"Laszki";0,0377298782988581
"1934";"Paw³osiów";0,0496678315122323
"1935";"Pruchnik";0,0357108593392823
"1936";"Radymno";0,0598784545316829
"1937";"Rokietnica";0,0530812135735914
"1938";"RoŸwienica";0,0334472499222202
"1939";"Wi¹zownica";0,0487473593239376
"1940";"Lubaczów";0,0779565291186272
"1941";"Cieszanów";0,102869087365996
"1942";"Horyniec-Zdrój";0,0582244701864186
"1943";"Lubaczów";0,0500089440166699
"1944";"Narol";0,0311181142723767
"1945";"Oleszyce";0,0576955607172949
"1946";"Stary Dzików";0,0539553752171231
"1947";"Wielkie Oczy";0,0377758934985271
"1948";"Bircza";0,0364490975890319
"1949";"Dubiecko";0,0312083885478542
"1950";"Fredropol";0,0421408611628243
"1951";"Krasiczyn";0,0528253301724372
"1952";"Krzywcza";0,0286331777625746
"1953";"Medyka";0,0721475390412548
"1954";"Or³y";0,051109246054555
"1955";"Przemyœl";0,0707402294448232
"1956";"Stubno";0,0336762605828115
"1957";"¯urawica";0,085969373107633
"1958";"Przeworsk";0,124223223847184
"1959";"Adamówka";0,0316787855594529
"1960";"Gaæ";0,0463193757088693
"1961";"Jawornik Polski";0,0274275449956935
"1962";"Kañczuga";0,0510756212348969
"1963";"Przeworsk";0,0415284407843411
"1964";"Sieniawa";0,0795783385649785
"1965";"Tryñcza";0,0845981513326487
"1966";"Zarzecze";0,0268267817259942
"1967";"Przemyœl";0,0808005903571483
"1968";"Cmolas";0,0423071427999104
"1969";"Kolbuszowa";0,0890589330711179
"1970";"Majdan Królewski";0,0288894663222809
"1971";"Niwiska";0,0291441988871383
"1972";"Rani¿ów";0,0336056485092297
"1973";"Dzikowiec";0,0173863235577034
"1974";"£añcut";0,123698729030495
"1975";"Bia³obrzegi";0,0724391397622952
"1976";"Czarna";0,0709056094215688
"1977";"£añcut";0,0697915826890319
"1978";"Markowa";0,0713284658039138
"1979";"Rakszawa";0,0787381482804209
"1980";"¯o³ynia";0,0737561089503978
"1981";"Iwierzyce";0,0331807321350986
"1982";"Ostrów";0,0452330167252011
"1983";"Ropczyce";0,107028200566364
"1984";"Sêdziszów Ma³opolski";0,0686002159412302
"1985";"Wielopole Skrzyñskie";0,0241620412830117
"1986";"Dynów";0,0558676741154259
"1987";"B³a¿owa";0,0420616307406175
"1988";"Boguchwa³a";0,0658443725019987
"1989";"Chmielnik";0,0355817382016529
"1990";"Dynów";0,038357421084011
"1991";"G³ogów Ma³opolski";0,117199694698332
"1992";"Hy¿ne";0,0193387805712044
"1993";"Kamieñ";0,0277634906450803
"1994";"Krasne";0,110172972913053
"1995";"Lubenia";0,0501394651988304
"1996";"Soko³ów Ma³opolski";0,0385497825732953
"1997";"Œwilcza";0,061004739139296
"1998";"Trzebownisko";0,130219610834782
"1999";"Tyczyn";0,0513899273661681
"2000";"Czudec";0,0351262318775565
"2001";"Frysztak";0,0356454935610999
"2002";"Niebylec";0,0191130674575035
"2003";"Strzy¿ów";0,0413375680166366
"2004";"Wiœniowa";0,0269363103263419
"2005";"Rzeszów";0,0796561745708881
"2006";"Dêbica";0,117262709758461
"2007";"Brzostek";0,047756785448359
"2008";"Czarna";0,0441321822710023
"2009";"Dêbica";0,0988270568027766
"2010";"Jod³owa";0,0258930292324171
"2011";"Pilzno";0,0719970407636704
"2012";"¯yraków";0,0502978838255147
"2013";"Le¿ajsk";0,103492321361868
"2014";"Grodzisko Dolne";0,0275633788147025
"2015";"Kury³ówka";0,0350437259864147
"2016";"Le¿ajsk";0,0628582791225132
"2017";"Nowa Sarzyna";0,101769021208998
"2018";"Mielec";0,151688829536138
"2019";"Borowa";0,0556811591760394
"2020";"Czermin";0,0412343352571911
"2021";"Gaw³uszowice";0,0530526119898078
"2022";"Mielec";0,0388541167494152
"2023";"Padew Narodowa";0,0535192641861281
"2024";"Przec³aw";0,0350162558348936
"2025";"Radomyœl Wielki";0,0442621806835889
"2026";"Tuszów Narodowy";0,0379188763579551
"2027";"Wadowice Górne";0,0523927008584444
"2028";"Harasiuki";0,0217314701618694
"2029";"Jarocin";0,0131340689713112
"2030";"Je¿owe";0,0188194714749956
"2031";"Krzeszów";0,034669166527526
"2032";"Nisko";0,0749404454793585
"2033";"Rudnik nad Sanem";0,0600411788831542
"2034";"Ulanów";0,0225805997590211
"2035";"Stalowa Wola";0,179029741997427
"2036";"Bojanów";0,0188855828367835
"2037";"Pysznica";0,0395928313827996
"2038";"Radomyœl nad Sanem";0,0319034953028014
"2039";"Zaklików";0,042977185072226
"2040";"Zaleszany";0,0322196276178215
"2041";"Baranów Sandomierski";0,0566421343107304
"2042";"Gorzyce";0,104210951216507
"2043";"Grêbów";0,0694340787332124
"2044";"Nowa Dêba";0,173868188404989
"2045";"Tarnobrzeg";0,0645502746116082
"2046";"Choroszcz";0,129781532328614
"2047";"Czarna Bia³ostocka";0,0808457915568325
"2048";"Dobrzyniewo Du¿e";0,0655065898215729
"2049";"Gródek";0,125747786080925
"2050";"Juchnowiec Koœcielny";0,113184514499919
"2051";"£apy";0,0786352653825907
"2052";"Micha³owo";0,226568605270485
"2053";"Poœwiêtne";0,102901525832542
"2054";"Supraœl";0,104601400332568
"2055";"Sura¿";0,219460922754449
"2056";"Turoœñ Koœcielna";0,107796817337279
"2057";"Tykocin";0,0572296150009042
"2058";"Wasilków";0,109558102008954
"2059";"Zab³udów";0,138314417929883
"2060";"Zawady";0,040566799405894
"2061";"D¹browa Bia³ostocka";0,0630294496850059
"2062";"Janów";0,0570576929209146
"2063";"Korycin";0,0755270082209068
"2064";"Krynki";0,066287579064933
"2065";"KuŸnica";0,0665597663213725
"2066";"Nowy Dwór";0,0197558140772411
"2067";"Sidra";0,0604738465851607
"2068";"Sokó³ka";0,115678048326544
"2069";"Suchowola";0,0388922575544554
"2070";"Szudzia³owo";0,0491414193838137
"2071";"Bia³ystok";0,0752581740361649
"2072";"Bielsk Podlaski";0,115070045651869
"2073";"Brañsk";0,0843348535990662
"2074";"Bielsk Podlaski";0,0937801244976536
"2075";"Boæki";0,0335893764741491
"2076";"Brañsk";0,0286351678336402
"2077";"Orla";0,336036044256676
"2078";"Rudka";0,0291487874374417
"2079";"Wyszki";0,0324784369057184
"2080";"Hajnówka";0,118387376447146
"2081";"Bia³owie¿a";0,154647951197085
"2082";"Czeremcha";0,0997213735900169
"2083";"Czy¿e";0,0478314967412123
"2084";"Dubicze Cerkiewne";0,0822070842633428
"2085";"Hajnówka";0,133536073874647
"2086";"Kleszczele";0,0790996156003897
"2087";"Narew";0,157857695494519
"2088";"Narewka";0,181636165445355
"2089";"Kolno";0,0836773203406958
"2090";"Grabowo";0,0538373280157299
"2091";"Kolno";0,0238060312048023
"2092";"Ma³y P³ock";0,0299537571166713
"2093";"Stawiski";0,0583954651742567
"2094";"Turoœl";0,0180470173405035
"2095";"Jedwabne";0,0374529624779349
"2096";"£om¿a";0,0847127445202542
"2097";"Miastkowo";0,0830645519794531
"2098";"Nowogród";0,0478474097134695
"2099";"Pi¹tnica";0,0924549611953704
"2100";"Przytu³y";0,0110195226710753
"2101";"Œniadowo";0,0664453070638714
"2102";"Wizna";0,0303298891630841
"2103";"Zbójna";0,0272742537639173
"2104";"Siemiatycze";0,105682926694796
"2105";"Drohiczyn";0,0667331163770841
"2106";"Dziadkowice";0,0295918865723214
"2107";"Grodzisk";0,0304668047408355
"2108";"Mielnik";0,522553455406568
"2109";"Milejczyce";0,0583397215965603
"2110";"Nurzec-Stacja";0,0525594219916345
"2111";"Perlejewo";0,0258313752377726
"2112";"Siemiatycze";0,100358323872006
"2113";"Wysokie Mazowieckie";0,0881928651718115
"2114";"Ciechanowiec";0,0423019996441717
"2115";"Czy¿ew";0,0622547451758406
"2116";"Klukowo";0,0477244707711161
"2117";"Kobylin-Borzymy";0,0352856744666965
"2118";"Kulesze Koœcielne";0,0656602794062928
"2119";"Nowe Piekuty";0,031067353939243
"2120";"Soko³y";0,0823591126771572
"2121";"Szepietowo";0,0578509143823635
"2122";"Wysokie Mazowieckie";0,119812260535453
"2123";"Zambrów";0,0893455920662894
"2124";"Ko³aki Koœcielne";0,0269983855217849
"2125";"Rutki";0,0567924587838231
"2126";"Szumowo";0,103381656943682
"2127";"Zambrów";0,143218755794982
"2128";"£om¿a";0,064500897689008
"2129";"Augustów";0,105208842458848
"2130";"Augustów";0,0423323183029368
"2131";"Barg³ów Koœcielny";0,0295479142032888
"2132";"Lipsk";0,0633915853899121
"2133";"Nowinka";0,0663282721976155
"2134";"P³aska";0,0909646459139238
"2135";"Sztabin";0,0370632982763543
"2136";"Grajewo";0,136512586337645
"2137";"Grajewo";0,0617226588078662
"2138";"Radzi³ów";0,0267342605143903
"2139";"Rajgród";0,107369748322744
"2140";"Szczuczyn";0,0523633141197034
"2141";"W¹sosz";0,0558443723488945
"2142";"Goni¹dz";0,0734309839520959
"2143";"Jasionówka";0,0415576130697436
"2144";"Jaœwi³y";0,0436179073642511
"2145";"Knyszyn";0,0438416753226431
"2146";"Krypno";0,0281477395981635
"2147";"Moñki";0,0752761627635472
"2148";"Trzcianne";0,0292325381788507
"2149";"Sejny";0,0856894023716115
"2150";"Giby";0,0733534934492977
"2151";"Krasnopol";0,0502736710685607
"2152";"Puñsk";0,0851003552272169
"2153";"Sejny";0,0781709675762545
"2154";"Baka³arzewo";0,15504203948998
"2155";"Filipów";0,0519868066974923
"2156";"Jeleniewo";0,112410690547944
"2157";"Przeroœl";0,110916865286036
"2158";"Raczki";0,0539746330617787
"2159";"Rutka-Tartak";0,0409325721175042
"2160";"Suwa³ki";0,202483466304747
"2161";"Szypliszki";0,134162304738447
"2162";"Wi¿ajny";0,0486814929369693
"2163";"Suwa³ki";0,104679949815416
"2164";"M.st.Warszawa od 2002";0,0640578466697969
"2165";"Legionowo";0,0705266337629121
"2166";"Jab³onna";0,0502624101941877
"2167";"Nieporêt";0,130726329037788
"2168";"Serock";0,146756939845455
"2169";"Wieliszew";0,161263666087552
"2170";"Miñsk Mazowiecki";0,0818891915752012
"2171";"Ceg³ów";0,0530498539949846
"2172";"Dêbe Wielkie";0,073968335220616
"2173";"Dobre";0,105083915384613
"2174";"Halinów";0,079317349236592
"2175";"Jakubów";0,0713850969146716
"2176";"Ka³uszyn";0,145058632933069
"2177";"Latowicz";0,0458877074568804
"2178";"Miñsk Mazowiecki";0,118086017617923
"2179";"Mrozy";0,056909314069924
"2180";"Siennica";0,0353796150995651
"2181";"Stanis³awów";0,0906405150302123
"2182";"Sulejówek";0,0595348424980487
"2183";"Józefów";0,0642126954278087
"2184";"Otwock";0,0819364287494678
"2185";"Celestynów";0,0765021880429781
"2186";"Karczew";0,103409855207149
"2187";"Ko³biel";0,111572415619598
"2188";"Osieck";0,0659228767503275
"2189";"Sobienie-Jeziory";0,0679548922766735
"2190";"Wi¹zowna";0,13381578650516
"2191";"Koby³ka";0,0635891573969979
"2192";"Marki";0,0857923574151786
"2193";"Z¹bki";0,0563270177077205
"2194";"Zielonka";0,0853201793623132
"2195";"D¹brówka";0,121342135928195
"2196";"Jadów";0,0525892439290994
"2197";"Klembów";0,113234643813159
"2198";"Poœwiêtne";0,031369570528327
"2199";"Radzymin";0,13085131889642
"2200";"Strachówka";0,0991485286344577
"2201";"T³uszcz";0,0528558979634666
"2202";"Wo³omin";0,0793087337809905
"2203";"Milanówek";0,071555706338662
"2204";"Podkowa Leœna";0,0456540798827494
"2205";"Baranów";0,0729059864537519
"2206";"Grodzisk Mazowiecki";0,105688089096367
"2207";"Jaktorów";0,0495232021321088
"2208";"¯abia Wola";0,123001040116729
"2209";"Nowy Dwór Mazowiecki";0,104141740634661
"2210";"Czosnów";0,179776268668476
"2211";"Leoncin";0,0514396050851301
"2212";"Nasielsk";0,0753656022623269
"2213";"Pomiechówek";0,126522142062092
"2214";"Zakroczym";0,164221932602973
"2215";"Góra Kalwaria";0,128189897592892
"2216";"Konstancin-Jeziorna";0,0612856381825428
"2217";"Lesznowola";0,124723768951751
"2218";"Piaseczno";0,0685361813877307
"2219";"Pra¿mów";0,0704924806736916
"2220";"Tarczyn";0,123219930067442
"2221";"Piastów";0,0664520939832491
"2222";"Pruszków";0,0994543254559418
"2223";"Brwinów";0,154276011233091
"2224";"Micha³owice";0,124953108556403
"2225";"Nadarzyn";0,168368466407226
"2226";"Raszyn";0,148302191465429
"2227";"B³onie";0,273038678537052
"2228";"Izabelin";0,0862591047508232
"2229";"Kampinos";0,127307324804542
"2230";"Leszno";0,0910331576871395
"2231";"£omianki";0,0855156734916738
"2232";"O¿arów Mazowiecki";0,201521374325385
"2233";"Stare Babice";0,0841205099752742
"2234";"Ciechanów";0,124166048876208
"2235";"Ciechanów";0,183334903580224
"2236";"Glinojeck";0,153731695633717
"2237";"Go³ymin-Oœrodek";0,0390907204904949
"2238";"Grudusk";0,0454555088704114
"2239";"Ojrzeñ";0,0320462068462365
"2240";"Opinogóra Górna";0,118759931236561
"2241";"Regimin";0,113835744500344
"2242";"Soñsk";0,0605408134219703
"2243";"M³awa";0,102990904197292
"2244";"Dzierzgowo";0,0270416537572638
"2245";"Lipowiec Koœcielny";0,0340252457811009
"2246";"Radzanów";0,028559312437346
"2247";"Strzegowo";0,0829360444229445
"2248";"Stupsk";0,0604455775789449
"2249";"Szreñsk";0,0593143010646763
"2250";"Szyd³owo";0,0742641130046606
"2251";"Wieczfnia Koœcielna";0,111064104011934
"2252";"Wiœniewo";0,0683924569756812
"2253";"P³oñsk";0,0960623502548975
"2254";"Raci¹¿";0,0880839461461906
"2255";"Baboszewo";0,0430734053605262
"2256";"Czerwiñsk nad Wis³¹";0,0169706586841619
"2257";"Dzierz¹¿nia";0,0730508478889015
"2258";"Joniec";0,117016275612855
"2259";"Naruszewo";0,0759349143852458
"2260";"Nowe Miasto";0,0462371892371295
"2261";"P³oñsk";0,143115320080068
"2262";"Raci¹¿";0,123233798343872
"2263";"Sochocin";0,0546077811659106
"2264";"Za³uski";0,138773201761126
"2265";"Gzy";0,032613780156572
"2266";"Obryte";0,0361573866702375
"2267";"Pokrzywnica";0,0628619579997792
"2268";"Pu³tusk";0,0773703386241716
"2269";"Œwiercze";0,0382066062223607
"2270";"Winnica";0,0550351578746973
"2271";"Zatory";0,0614501491057046
"2272";"Bie¿uñ";0,0697481385535843
"2273";"Kuczbork-Osada";0,144877719702453
"2274";"Lubowidz";0,0461210894595295
"2275";"Lutocin";0,0254147625202483
"2276";"Siemi¹tkowo";0,0388191528547238
"2277";"¯uromin";0,0839336641511315
"2278";"Maków Mazowiecki";0,0874174726549852
"2279";"Czerwonka";0,150356396904435
"2280";"Karniewo";0,0372654804098452
"2281";"Krasnosielc";0,0308423776532822
"2282";"M³ynarze";0,109490111104345
"2283";"P³oniawy-Bramura";0,1224290528118
"2284";"Ró¿an";0,0986867489320327
"2285";"Rzewnie";0,0768329037370926
"2286";"Sypniewo";0,0348743252856981
"2287";"Szelków";0,0493635779016987
"2288";"Baranowo";0,055976810906319
"2289";"Czarnia";0,0578820575566112
"2290";"Czerwin";0,130929570957504
"2291";"Goworowo";0,074218676916862
"2292";"Kadzid³o";0,0739104548405353
"2293";"Lelis";0,0962890504506299
"2294";"£yse";0,0342146468769461
"2295";"Myszyniec";0,0294203815731355
"2296";"Olszewo-Borki";0,0505336268961767
"2297";"Rzekuñ";0,0828148797205202
"2298";"Troszyn";0,0579084768098102
"2299";"Ostrów Mazowiecka";0,0842554777001903
"2300";"Andrzejewo";0,0238958036456683
"2301";"Boguty-Pianki";0,0205380205324706
"2302";"Brok";0,0776190240687023
"2303";"Ma³kinia Górna";0,115712046454865
"2304";"Nur";0,0214544803735327
"2305";"Ostrów Mazowiecka";0,0742418564457192
"2306";"Stary Lubotyñ";0,0778314062600797
"2307";"Szulborze Wielkie";0,022785542668692
"2308";"W¹sewo";0,0319170348840657
"2309";"Zarêby Koœcielne";0,0269638484227032
"2310";"Przasnysz";0,105150303658159
"2311";"Chorzele";0,0633880319913742
"2312";"Czernice Borowe";0,0202344568574592
"2313";"Jednoro¿ec";0,0266104205844149
"2314";"Krasne";0,139181540836695
"2315";"Krzynow³oga Ma³a";0,0290864132533589
"2316";"Przasnysz";0,0421014072406562
"2317";"Brañszczyk";0,0817819856174104
"2318";"D³ugosiod³o";0,0356767043554045
"2319";"Rz¹œnik";0,0369202445820034
"2320";"Somianka";0,0579682713249462
"2321";"Wyszków";0,0965831785978185
"2322";"Zabrodzie";0,0498493032202375
"2323";"Ostro³êka";0,104970926760123
"2324";"Bia³obrzegi";0,114144304021954
"2325";"Promna";0,059827950361053
"2326";"Radzanów";0,0293581477469628
"2327";"Stara B³otnica";0,0235290213214769
"2328";"Stromiec";0,0363757738644519
"2329";"Wyœmierzyce";0,0419798899027612
"2330";"Garbatka-Letnisko";0,0875934922419677
"2331";"G³owaczów";0,0426393290519618
"2332";"Gniewoszów";0,0422888178261131
"2333";"Grabów nad Pilic¹";0,0660917372557014
"2334";"Kozienice";0,302857064779337
"2335";"Magnuszew";0,0584093812907973
"2336";"Sieciechów";0,0633911248363929
"2337";"Chotcza";0,0191649902103718
"2338";"Ciepielów";0,0299217803432179
"2339";"Lipsko";0,101647660533329
"2340";"Rzeczniów";0,0130635964662174
"2341";"Sienno";0,0164565521679796
"2342";"Solec nad Wis³¹";0,0200245062288095
"2343";"Borkowice";0,0240493941960764
"2344";"Gielniów";0,0293269329251773
"2345";"Klwów";0,024744353340555
"2346";"Odrzywó³";0,0159462055378928
"2347";"Potworów";0,0230229879607392
"2348";"Przysucha";0,0997608150979674
"2349";"Rusinów";0,0141145150635879
"2350";"Wieniawa";0,033812021352185
"2351";"Pionki";0,106102799588642
"2352";"Gózd";0,0248391820034546
"2353";"I³¿a";0,0885659035025602
"2354";"Jastrzêbia";0,0478414977948358
"2355";"Jedliñsk";0,0600276842084334
"2356";"Jedlnia-Letnisko";0,0540147687246231
"2357";"Kowala";0,0484194097385817
"2358";"Pionki";0,0439406882252993
"2359";"Przytyk";0,0363464775547405
"2360";"Skaryszew";0,0408047027536235
"2361";"Wierzbica";0,0546619033756614
"2362";"Wolanów";0,0635689025157303
"2363";"Zakrzew";0,0403702941694684
"2364";"Chlewiska";0,0437602600199356
"2365";"Jastrz¹b";0,0577486957683552
"2366";"Mirów";0,0137154882512819
"2367";"Oroñsko";0,0332996505694746
"2368";"Szyd³owiec";0,0646220580313517
"2369";"Kazanów";0,0201054248836801
"2370";"Policzna";0,0305206102207052
"2371";"Przy³êk";0,0260874865565708
"2372";"Tczów";0,0194104343270524
"2373";"Zwoleñ";0,0876778211226181
"2374";"Radom";0,0774739863964786
"2375";"Gostynin";0,121108350910013
"2376";"Gostynin";0,063290716983386
"2377";"Pacyna";0,0267177739724878
"2378";"Sanniki";0,0618200453458808
"2379";"Szczawin Koœcielny";0,0336224305013103
"2380";"Bielsk";0,0691681071253888
"2381";"Bodzanów";0,071295050519017
"2382";"Brudzeñ Du¿y";0,0649141224415784
"2383";"Bulkowo";0,0435797621026301
"2384";"Drobin";0,0490201490811062
"2385";"G¹bin";0,0650688130998081
"2386";"£¹ck";0,13530107299847
"2387";"Ma³a Wieœ";0,0441970724420441
"2388";"Nowy Duninów";0,0603061729231447
"2389";"Radzanowo";0,11236866726856
"2390";"S³ubice";0,0358360113320588
"2391";"S³upno";0,263780994523995
"2392";"Stara Bia³a";0,224909587733372
"2393";"StaroŸreby";0,0721502560495204
"2394";"Wyszogród";0,0714796878785774
"2395";"Sierpc";0,119632801203625
"2396";"Gozdowo";0,0526613710962201
"2397";"Mochowo";0,0738407936981807
"2398";"Roœciszewo";0,0203981107338859
"2399";"Sierpc";0,0911453539102003
"2400";"Szczutowo";0,0435498449102812
"2401";"Zawidz";0,0715370241230125
"2402";"P³ock";0,220520560958305
"2403";"Garwolin";0,1038284856923
"2404";"£askarzew";0,0503440322473752
"2405";"Borowie";0,0379315227648453
"2406";"Garwolin";0,065622908357854
"2407";"Górzno";0,0269731108873538
"2408";"£askarzew";0,0196443232147325
"2409";"Maciejowice";0,0458819438347291
"2410";"Miastków Koœcielny";0,0406181899744383
"2411";"Parysów";0,0446609618853563
"2412";"Pilawa";0,102995446494041
"2413";"Sobolew";0,0760191359508007
"2414";"Trojanów";0,027464565429578
"2415";"Wilga";0,0849879371811016
"2416";"¯elechów";0,0437793196078378
"2417";"Huszlew";0,0869469441799231
"2418";"£osice";0,11294793233149
"2419";"Olszanka";0,0206596916408352
"2420";"Platerów";0,0323653868385475
"2421";"Sarnaki";0,163826104101791
"2422";"Stara Kornica";0,0444343612347239
"2423";"Domanice";0,0564036086392975
"2424";"Korczew";0,0321662820439639
"2425";"Kotuñ";0,0583415099217324
"2426";"Mokobody";0,0489769600446971
"2427";"Mordy";0,0414160097963143
"2428";"Paprotnia";0,0274220381711552
"2429";"Przesmyki";0,0228241556531727
"2430";"Siedlce";0,100189574706965
"2431";"Skórzec";0,0410935423363718
"2432";"Sucho¿ebry";0,0814866517952121
"2433";"Wiœniew";0,0722953507117212
"2434";"Wodynie";0,030308550603118
"2435";"Zbuczyn";0,0444709245787781
"2436";"Soko³ów Podlaski";0,117295011218732
"2437";"Bielany";0,0254256903966762
"2438";"Ceranów";0,0513365831937738
"2439";"Jab³onna Lacka";0,0718863088537705
"2440";"Kosów Lacki";0,101347589576753
"2441";"Repki";0,0647827274931489
"2442";"Sabnie";0,0466342276384224
"2443";"Soko³ów Podlaski";0,0930109333183039
"2444";"Sterdyñ";0,0324491032745822
"2445";"Wêgrów";0,13025349445335
"2446";"Grêbków";0,0486945308103006
"2447";"Korytnica";0,16022579835028
"2448";"Liw";0,062216219993258
"2449";"£ochów";0,0762468058063568
"2450";"Miedzna";0,0482794223797261
"2451";"Sadowne";0,0382114822971713
"2452";"Stoczek";0,0522972521647886
"2453";"Wierzbno";0,070879612196134
"2454";"Siedlce";0,0705771887895132
"2455";"Belsk Du¿y";0,23885875096299
"2456";"B³êdów";0,0755244164692067
"2457";"Chynów";0,0640434373806104
"2458";"Goszczyn";0,0564717787132512
"2459";"Grójec";0,122073537803086
"2460";"Jasieniec";0,0543555155893241
"2461";"Mogielnica";0,137530409139299
"2462";"Nowe Miasto nad Pilic¹";0,189236624923625
"2463";"Pniewy";0,115130889520382
"2464";"Warka";0,11339035929685
"2465";"Sochaczew";0,116375620673692
"2466";"Brochów";0,0928201532311051
"2467";"I³ów";0,0368794233461202
"2468";"M³odzieszyn";0,0546648353056214
"2469";"Nowa Sucha";0,0687197201254206
"2470";"Rybno";0,0449795848881828
"2471";"Sochaczew";0,134346197237619
"2472";"Teresin";0,213740134648841
"2473";"¯yrardów";0,0797909072734027
"2474";"Mszczonów";0,207503354565105
"2475";"Puszcza Mariañska";0,063733959444358
"2476";"Radziejowice";0,132104057592721
"2477";"Wiskitki";0,0678596888359752
