;country;year;pop
1;Total, all countries or areas;2005;6541907000
2;Total, all countries or areas;2010;6956823600
3;Total, all countries or areas;2017;7547858900
4;Total, all countries or areas;2019;7713468100
5;Africa;2005;916154300
6;Africa;2010;1039304000
7;Africa;2017;1244222300
8;Africa;2019;1308064200
9;Northern Africa;2005;186421300
10;Northern Africa;2010;202940300
11;Northern Africa;2017;232793200
12;Northern Africa;2019;241780800
13;Sub-Saharan Africa;2005;729733000
14;Sub-Saharan Africa;2010;836363800
15;Sub-Saharan Africa;2017;1011429100
16;Sub-Saharan Africa;2019;1066283400
17;Eastern Africa;2005;295185400
18;Eastern Africa;2010;339317800
19;Eastern Africa;2017;411396700
20;Eastern Africa;2019;433904900
21;Middle Africa;2005;112008300
22;Middle Africa;2010;131622100
23;Middle Africa;2017;164039000
24;Middle Africa;2019;174308400
25;Southern Africa;2005;54644700
26;Southern Africa;2010;58383400
27;Southern Africa;2017;64833800
28;Southern Africa;2019;66629900
29;Western Africa;2005;267894600
30;Western Africa;2010;307040400
31;Western Africa;2017;371159500
32;Western Africa;2019;391440200
33;Americas;2005;884788200
34;Americas;2010;934639800
35;Americas;2017;998175400
36;Americas;2019;1014721900
37;Northern America;2005;327287200
38;Northern America;2010;343287400
39;Northern America;2017;361942300
40;Northern America;2019;366601000
41;Latin America & the Caribbean;2005;557501000
42;Latin America & the Caribbean;2010;591352400
43;Latin America & the Caribbean;2017;636233100
44;Latin America & the Caribbean;2019;648121000
45;Caribbean;2005;39745800
46;Caribbean;2010;41217400
47;Caribbean;2017;43002400
48;Caribbean;2019;43335000
49;Central America;2005;145950500
50;Central America;2010;157591300
51;Central America;2017;173326800
52;Central America;2019;177586500
53;South America;2005;371804700
54;South America;2010;392543700
55;South America;2017;419903900
56;South America;2019;427199400
57;Asia;2005;3977986500
58;Asia;2010;4209593700
59;Asia;2017;4519040000
60;Asia;2019;4601371200
61;Central Asia;2005;58449900
62;Central Asia;2010;62805100
63;Central Asia;2017;70867500
64;Central Asia;2019;73212100
65;Eastern Asia;2005;1564192300
66;Eastern Asia;2010;1604859400
67;Eastern Asia;2017;1659768000
68;Eastern Asia;2019;1672611100
69;South-central Asia;2005;1647073800
70;South-central Asia;2010;1775360500
71;South-central Asia;2017;1944108600
72;South-central Asia;2019;1991423500
73;South-eastern Asia;2005;561156100
74;South-eastern Asia;2010;596947200
75;South-eastern Asia;2017;648459700
76;South-eastern Asia;2019;662011800
77;Southern Asia;2005;1588623900
78;Southern Asia;2010;1712555500
79;Southern Asia;2017;1873241100
80;Southern Asia;2019;1918211400
81;Western Asia;2005;205564300
82;Western Asia;2010;232426500
83;Western Asia;2017;266703700
84;Western Asia;2019;275324800
85;Europe;2005;729287800
86;Europe;2010;736413000
87;Europe;2017;745414700
88;Europe;2019;747182800
89;Eastern Europe;2005;297500500
90;Eastern Europe;2010;294872900
91;Eastern Europe;2017;294056100
92;Eastern Europe;2019;293444900
93;Northern Europe;2005;96307400
94;Northern Europe;2010;100398300
95;Northern Europe;2017;104676500
96;Northern Europe;2019;105768500
97;Southern Europe;2005;149676100
98;Southern Europe;2010;153015500
99;Southern Europe;2017;152796400
100;Southern Europe;2019;152446900
101;Western Europe;2005;185803800
102;Western Europe;2010;188126300
103;Western Europe;2017;193885800
104;Western Europe;2019;195522400
105;Oceania;2005;33690200
106;Oceania;2010;36873100
107;Oceania;2017;41006500
108;Oceania;2019;42128000
109;Australia and New Zealand;2005;24313900
110;Australia and New Zealand;2010;26524700
111;Australia and New Zealand;2017;29286700
112;Australia and New Zealand;2019;29986300
113;Melanesia;2005;8232100
114;Melanesia;2010;9187900
115;Melanesia;2017;10514200
116;Melanesia;2019;10918500
117;Micronesia;2005;498300
118;Micronesia;2010;503600
119;Micronesia;2017;532900
120;Micronesia;2019;543500
121;Polynesia;2005;645900
122;Polynesia;2010;656800
123;Polynesia;2017;672800
124;Polynesia;2019;679800
125;Afghanistan;2005;25654300
126;Afghanistan;2010;29185500
127;Afghanistan;2017;36296100
128;Afghanistan;2019;38041800
129;Albania;2005;3086800
130;Albania;2010;2948000
131;Albania;2017;2884200
132;Albania;2019;2880900
133;Algeria;2005;33149700
134;Algeria;2010;35977500
135;Algeria;2017;41389200
136;Algeria;2019;43053100
137;American Samoa;2000;57500
138;American Samoa;2005;59100
139;American Samoa;2010;55600
140;American Samoa;2016;55600
141;American Samoa;2017;55600
142;American Samoa;2019;55300
143;Andorra;2005;78900
144;Andorra;2010;84400
145;Andorra;2016;77300
146;Andorra;2017;77000
147;Andorra;2019;77100
148;Angola;2005;19433600
149;Angola;2010;23356200
150;Angola;2017;29816800
151;Angola;2019;31825300
152;Anguilla;2001;11400
153;Anguilla;2005;12600
154;Anguilla;2010;13800
155;Anguilla;2011;14000
156;Anguilla;2017;14900
157;Anguilla;2019;14900
158;Antigua and Barbuda;2005;81500
159;Antigua and Barbuda;2010;88000
160;Antigua and Barbuda;2017;95400
161;Antigua and Barbuda;2019;97100
162;Argentina;2005;38892900
163;Argentina;2010;40895800
164;Argentina;2017;43937100
165;Argentina;2019;44780700
166;Armenia;2005;2981300
167;Armenia;2010;2877300
168;Armenia;2017;2944800
169;Armenia;2019;2957700
170;Aruba;2005;1,00E+05
171;Aruba;2010;101700
172;Aruba;2017;105400
173;Aruba;2019;106300
174;Australia;2005;20178500
175;Australia;2010;22154700
176;Australia;2017;24584600
177;Australia;2019;25203200
178;Austria;2005;8253700
179;Austria;2010;8409900
180;Austria;2017;8819900
181;Austria;2019;8955100
182;Azerbaijan;2005;8538600
183;Azerbaijan;2010;9032500
184;Azerbaijan;2017;9845300
185;Azerbaijan;2019;10047700
186;Bahamas;2005;324900
187;Bahamas;2010;354900
188;Bahamas;2017;381800
189;Bahamas;2019;389500
190;Bahrain;2005;889200
191;Bahrain;2010;1240900
192;Bahrain;2017;1494100
193;Bahrain;2019;1641200
194;Bangladesh;2005;139035500
195;Bangladesh;2010;147575400
196;Bangladesh;2017;159685400
197;Bangladesh;2019;163046200
198;Barbados;2005;276300
199;Barbados;2010;282100
200;Barbados;2017;286200
201;Barbados;2019;287000
202;Belarus;2005;9562100
203;Belarus;2010;9420600
204;Belarus;2017;9450200
205;Belarus;2019;9452400
206;Belgium;2005;10546900
207;Belgium;2010;10938700
208;Belgium;2017;11419700
209;Belgium;2019;11539300
210;Belize;2005;283800
211;Belize;2010;322500
212;Belize;2017;375800
213;Belize;2019;390400
214;Benin;2005;7982200
215;Benin;2010;9199300
216;Benin;2017;11175200
217;Benin;2019;11801200
218;Bermuda;2005;65100
219;Bermuda;2010;64000
220;Bermuda;2017;61300
221;Bermuda;2019;62500
222;Bhutan;2005;648700
223;Bhutan;2010;685500
224;Bhutan;2017;745600
225;Bhutan;2019;763100
226;Bolivia;2005;9232300
227;Bolivia;2010;10048600
228;Bolivia;2017;11192900
229;Bolivia;2019;11513100
230;Bonaire, St. Eustatius & Saba;2005;14400
231;Bonaire, St. Eustatius & Saba;2010;20900
232;Bonaire, St. Eustatius & Saba;2019;26000
233;Bosnia and Herzegovina;2005;3765300
234;Bosnia and Herzegovina;2010;3705500
235;Bosnia and Herzegovina;2017;3351500
236;Bosnia and Herzegovina;2019;3301000
237;Botswana;2005;1799100
238;Botswana;2010;1987100
239;Botswana;2017;2205100
240;Botswana;2019;2303700
241;Brazil;2005;186127100
242;Brazil;2010;195713600
243;Brazil;2017;207833800
244;Brazil;2019;211049500
245;British Virgin Islands;2001;21100
246;British Virgin Islands;2005;23200
247;British Virgin Islands;2010;27200
248;British Virgin Islands;2017;31200
249;British Virgin Islands;2019;30000
250;Brunei Darussalam;2005;365100
251;Brunei Darussalam;2010;388600
252;Brunei Darussalam;2017;424500
253;Brunei Darussalam;2019;433300
254;Bulgaria;2005;7687000
255;Bulgaria;2010;7425000
256;Bulgaria;2017;7102400
257;Bulgaria;2019;7000100
258;Burkina Faso;2005;13421900
259;Burkina Faso;2010;15605200
260;Burkina Faso;2017;19193200
261;Burkina Faso;2019;20321400
262;Burundi;2005;7364900
263;Burundi;2010;8675600
264;Burundi;2017;10827000
265;Burundi;2019;11530600
266;Cabo Verde;2005;463000
267;Cabo Verde;2010;492700
268;Cabo Verde;2017;537500
269;Cabo Verde;2019;549900
270;Cambodia;2005;13273400
271;Cambodia;2010;14312200
272;Cambodia;2017;16009400
273;Cambodia;2019;16486500
274;Cameroon;2005;17733400
275;Cameroon;2010;20341200
276;Cameroon;2017;24566100
277;Cameroon;2019;25876400
278;Canada;2005;32164300
279;Canada;2010;34147600
280;Canada;2017;36732100
281;Canada;2019;37411000
282;Cayman Islands;2005;48600
283;Cayman Islands;2010;55500
284;Cayman Islands;2015;60000
285;Cayman Islands;2017;61600
286;Cayman Islands;2019;64900
287;Central African Republic;2005;4038400
288;Central African Republic;2010;4386800
289;Central African Republic;2017;4596000
290;Central African Republic;2019;4745200
291;Chad;2005;10096600
292;Chad;2010;11952100
293;Chad;2017;15016800
294;Chad;2019;15946900
295;Channel Islands;2005;151700
296;Channel Islands;2010;159700
297;Channel Islands;2017;168700
298;Channel Islands;2019;172300
299;Chile;2005;16182700
300;Chile;2010;17062500
301;Chile;2017;18470400
302;Chile;2019;18952000
303;China;2005;1330776400
304;China;2010;1368810600
305;China;2017;1421021800
306;China;2019;1433783700
307;Hong Kong, China;2005;6769600
308;Hong Kong, China;2010;6966300
309;Hong Kong, China;2017;7306300
310;Hong Kong, China;2019;7436200
311;Macao;2005;482900
312;Macao;2010;538200
313;Macao;2017;622600
314;Macao;2019;640400
315;Colombia;2005;42647700
316;Colombia;2010;45222700
317;Colombia;2017;48909800
318;Colombia;2019;50339400
319;Comoros;2005;611600
320;Comoros;2010;689700
321;Comoros;2017;813900
322;Comoros;2019;850900
323;Congo;2005;3622800
324;Congo;2010;4273700
325;Congo;2017;5110700
326;Congo;2019;5380500
327;Cook Islands;2001;18300
328;Cook Islands;2005;19700
329;Cook Islands;2006;19700
330;Cook Islands;2010;18500
331;Cook Islands;2016;17400
332;Cook Islands;2017;17400
333;Cook Islands;2019;17500
334;Costa Rica;2005;4285500
335;Costa Rica;2010;4577400
336;Costa Rica;2017;4950000
337;Costa Rica;2019;5047600
338;Cote d`Ivoire;2005;18354500
339;Cote d`Ivoire;2010;20533000
340;Cote d`Ivoire;2017;24437500
341;Cote d`Ivoire;2019;25716500
342;Croatia;2005;4378100
343;Croatia;2010;4328200
344;Croatia;2017;4182900
345;Croatia;2019;4130300
346;Cuba;2005;11261600
347;Cuba;2010;11225800
348;Cuba;2017;11339300
349;Cuba;2019;11333500
350;Curaçao;2005;130100
351;Curaçao;2010;149200
352;Curaçao;2017;162000
353;Curaçao;2019;163400
354;Cyprus;2005;1027700
355;Cyprus;2010;1112600
356;Cyprus;2017;1179700
357;Cyprus;2019;1198600
358;Czech Republic;2005;10258200
359;Czech Republic;2010;10536500
360;Czech Republic;2017;10641000
361;Czech Republic;2019;10689200
362;Dem. People's Rep. Korea;2005;23904200
363;Dem. People's Rep. Korea;2010;24548800
364;Dem. People's Rep. Korea;2017;25429800
365;Dem. People's Rep. Korea;2019;25666200
366;Dem. Rep. of the Congo;2005;54785900
367;Dem. Rep. of the Congo;2010;64563900
368;Dem. Rep. of the Congo;2017;81398800
369;Dem. Rep. of the Congo;2019;86790600
370;Denmark;2005;5421700
371;Denmark;2010;5554800
372;Denmark;2017;5732300
373;Denmark;2019;5771900
374;Djibouti;2005;783300
375;Djibouti;2010;840200
376;Djibouti;2017;944100
377;Djibouti;2019;973600
378;Dominica;2001;69700
379;Dominica;2005;70600
380;Dominica;2006;70800
381;Dominica;2010;71400
382;Dominica;2014;72800
383;Dominica;2017;73900
384;Dominica;2019;71800
385;Dominican Republic;2005;9097300
386;Dominican Republic;2010;9695100
387;Dominican Republic;2017;10513100
388;Dominican Republic;2019;10739000
389;Ecuador;2005;13825800
390;Ecuador;2010;15011100
391;Ecuador;2017;16785400
392;Ecuador;2019;17373700
393;Egypt;2005;75523600
394;Egypt;2010;82761200
395;Egypt;2017;96442600
396;Egypt;2019;100388100
397;El Salvador;2005;6052100
398;El Salvador;2010;6183900
399;El Salvador;2017;6388100
400;El Salvador;2019;6453600
401;Equatorial Guinea;2005;749500
402;Equatorial Guinea;2010;943600
403;Equatorial Guinea;2017;1262000
404;Equatorial Guinea;2019;1356000
405;Eritrea;2005;2826700
406;Eritrea;2010;3170400
407;Eritrea;2017;3412900
408;Eritrea;2019;3497100
409;Estonia;2005;1355600
410;Estonia;2010;1332100
411;Estonia;2017;1319400
412;Estonia;2019;1325600
413;Eswatini;2005;1030600
414;Eswatini;2010;1064800
415;Eswatini;2017;1124800
416;Eswatini;2019;1148100
417;Ethiopia;2005;76346300
418;Ethiopia;2010;87640000
419;Ethiopia;2017;106399900
420;Ethiopia;2019;112078700
421;Falkland Islands (Malvinas);2001;2900
422;Falkland Islands (Malvinas);2005;2900
423;Falkland Islands (Malvinas);2006;2900
424;Falkland Islands (Malvinas);2010;2900
425;Falkland Islands (Malvinas);2012;2900
426;Falkland Islands (Malvinas);2017;2900
427;Falkland Islands (Malvinas);2019;3400
428;Faroe Islands;2005;48300
429;Faroe Islands;2008;48500
430;Faroe Islands;2010;48600
431;Faroe Islands;2015;49000
432;Faroe Islands;2017;49300
433;Faroe Islands;2019;48700
434;Fiji;2005;821600
435;Fiji;2010;859800
436;Fiji;2017;877500
437;Fiji;2019;890000
438;Finland;2005;5258900
439;Finland;2010;5365800
440;Finland;2017;5511400
441;Finland;2019;5532200
442;France;2005;61120100
443;France;2010;62879500
444;France;2017;64842500
445;France;2019;65129700
446;French Guiana;2005;203000
447;French Guiana;2010;233000
448;French Guiana;2017;275200
449;French Guiana;2019;290800
450;French Polynesia;2005;258800
451;French Polynesia;2010;266500
452;French Polynesia;2017;276100
453;French Polynesia;2019;279300
454;Gabon;2005;1390500
455;Gabon;2010;1624100
456;Gabon;2017;2064800
457;Gabon;2019;2172600
458;Gambia;2005;1543700
459;Gambia;2010;1793200
460;Gambia;2017;2213900
461;Gambia;2019;2347700
462;Georgia;2005;4210200
463;Georgia;2010;4099100
464;Georgia;2017;4008700
465;Georgia;2019;3996800
466;Germany;2005;81602700
467;Germany;2010;80827000
468;Germany;2017;82658400
469;Germany;2019;83517000
470;Ghana;2005;21814600
471;Ghana;2010;24779600
472;Ghana;2017;29121500
473;Ghana;2019;30417900
474;Gibraltar;2001;31400
475;Gibraltar;2005;32100
476;Gibraltar;2010;33200
477;Gibraltar;2012;33600
478;Gibraltar;2015;34200
479;Gibraltar;2017;34600
480;Gibraltar;2019;33700
481;Greece;2005;11224800
482;Greece;2010;10887600
483;Greece;2017;10569500
484;Greece;2019;10473500
485;Greenland;2005;57000
486;Greenland;2010;56600
487;Greenland;2016;56400
488;Greenland;2017;56500
489;Greenland;2019;56700
490;Grenada;2005;104700
491;Grenada;2010;106200
492;Grenada;2017;110900
493;Grenada;2019;112000
494;Guadeloupe;2005;402900
495;Guadeloupe;2010;406100
496;Guadeloupe;2017;399700
497;Guadeloupe;2019;400100
498;Guam;2005;158400
499;Guam;2010;159400
500;Guam;2017;164300
501;Guam;2019;167300
502;Guatemala;2005;13096000
503;Guatemala;2010;14630400
504;Guatemala;2017;16915000
505;Guatemala;2019;17581500
506;Guinea;2005;9109600
507;Guinea;2010;10192200
508;Guinea;2017;12067500
509;Guinea;2019;12771200
510;Guinea-Bissau;2005;1344900
511;Guinea-Bissau;2010;1522600
512;Guinea-Bissau;2017;1828100
513;Guinea-Bissau;2019;1920900
514;Guyana;2005;746200
515;Guyana;2010;749400
516;Guyana;2017;775200
517;Guyana;2019;782800
518;Haiti;2005;9195300
519;Haiti;2010;9949300
520;Haiti;2017;10982400
521;Haiti;2019;11263100
522;Holy See;2000;800
523;Holy See;2005;800
524;Holy See;2009;800
525;Holy See;2010;800
526;Holy See;2017;800
527;Holy See;2019;800
528;Honduras;2005;7459000
529;Honduras;2010;8317500
530;Honduras;2017;9429000
531;Honduras;2019;9746100
532;Hungary;2005;10085900
533;Hungary;2010;9927400
534;Hungary;2017;9729800
535;Hungary;2019;9684700
536;Iceland;2005;295000
537;Iceland;2010;320300
538;Iceland;2017;334400
539;Iceland;2019;339000
540;India;2005;1147609900
541;India;2010;1234281200
542;India;2017;1338676800
543;India;2019;1366417800
544;Indonesia;2005;226289500
545;Indonesia;2010;241834200
546;Indonesia;2017;264651000
547;Indonesia;2019;270625600
548;Iran (Islamic Republic of);2005;69762300
549;Iran (Islamic Republic of);2010;73762500
550;Iran (Islamic Republic of);2017;80673900
551;Iran (Islamic Republic of);2019;82913900
552;Iraq;2005;26922300
553;Iraq;2010;29742000
554;Iraq;2017;37552800
555;Iraq;2019;39309800
556;Ireland;2005;4141200
557;Ireland;2010;4554300
558;Ireland;2017;4753300
559;Ireland;2019;4882500
560;Isle of Man;2005;76100
561;Isle of Man;2009;79300
562;Isle of Man;2010;80100
563;Isle of Man;2016;83700
564;Isle of Man;2017;84300
565;Isle of Man;2019;84600
566;Israel;2005;6529500
567;Israel;2010;7346400
568;Israel;2017;8243800
569;Israel;2019;8519400
570;Italy;2005;58281200
571;Italy;2010;59325200
572;Italy;2017;60673700
573;Italy;2019;60550100
574;Jamaica;2005;2740000
575;Jamaica;2010;2810500
576;Jamaica;2017;2920800
577;Jamaica;2019;2948300
578;Japan;2005;128326100
579;Japan;2007;128494100
580;Japan;2010;128542400
581;Japan;2019;126860300
582;Jordan;2005;5765600
583;Jordan;2010;7261500
584;Jordan;2017;9785800
585;Jordan;2019;10101700
586;Kazakhstan;2005;15402800
587;Kazakhstan;2010;16252300
588;Kazakhstan;2017;18080000
589;Kazakhstan;2019;18551400
590;Kenya;2005;36624900
591;Kenya;2010;42030700
592;Kenya;2017;50221100
593;Kenya;2019;52574000
594;Kiribati;2005;92300
595;Kiribati;2010;102900
596;Kiribati;2017;114200
597;Kiribati;2019;117600
598;Kuwait;2005;2270200
599;Kuwait;2010;2991900
600;Kuwait;2017;4056100
601;Kuwait;2019;4207100
602;Kyrgyzstan;2005;5075300
603;Kyrgyzstan;2010;5422300
604;Kyrgyzstan;2017;6189700
605;Kyrgyzstan;2019;6415900
606;Lao People's Dem. Rep.;2005;5751700
607;Lao People's Dem. Rep.;2010;6249200
608;Lao People's Dem. Rep.;2017;6953000
609;Lao People's Dem. Rep.;2019;7169500
610;Latvia;2005;2252000
611;Latvia;2010;2118900
612;Latvia;2017;1951100
613;Latvia;2019;1906700
614;Lebanon;2005;4698800
615;Lebanon;2010;4953100
616;Lebanon;2017;6819400
617;Lebanon;2019;6855700
618;Lesotho;2005;1996100
619;Lesotho;2010;1995600
620;Lesotho;2017;2091500
621;Lesotho;2019;2125300
622;Liberia;2005;3218100
623;Liberia;2010;3891400
624;Liberia;2017;4702200
625;Liberia;2019;4937400
626;Libya;2005;5798600
627;Libya;2010;6197700
628;Libya;2017;6580700
629;Libya;2019;6777500
630;Liechtenstein;2005;34900
631;Liechtenstein;2010;36000
632;Liechtenstein;2016;37700
633;Liechtenstein;2017;37900
634;Liechtenstein;2019;38000
635;Lithuania;2005;3344300
636;Lithuania;2010;3123800
637;Lithuania;2017;2845400
638;Lithuania;2019;2759600
639;Luxembourg;2005;457800
640;Luxembourg;2010;507900
641;Luxembourg;2017;591900
642;Luxembourg;2019;615700
643;Madagascar;2005;18336700
644;Madagascar;2010;21151600
645;Madagascar;2017;25570500
646;Madagascar;2019;26969300
647;Malawi;2005;12626000
648;Malawi;2010;14539600
649;Malawi;2017;17670200
650;Malawi;2019;18628700
651;Malaysia;2005;25690600
652;Malaysia;2010;28208000
653;Malaysia;2017;31104600
654;Malaysia;2019;31949800
655;Maldives;2005;319600
656;Maldives;2010;365700
657;Maldives;2017;496400
658;Maldives;2019;531000
659;Mali;2005;12775500
660;Mali;2010;15049400
661;Mali;2017;18512400
662;Mali;2019;19658000
663;Malta;2005;404700
664;Malta;2010;414300
665;Malta;2017;437900
666;Malta;2019;440400
667;Marshall Islands;2004;52100
668;Marshall Islands;2005;52100
669;Marshall Islands;2010;52400
670;Marshall Islands;2016;53100
671;Marshall Islands;2017;53100
672;Marshall Islands;2019;58800
673;Martinique;2005;397200
674;Martinique;2010;394700
675;Martinique;2017;375900
676;Martinique;2019;375600
677;Mauritania;2005;3024200
678;Mauritania;2010;3494200
679;Mauritania;2017;4282600
680;Mauritania;2019;4525700
681;Mauritius;2005;1222000
682;Mauritius;2010;1248000
683;Mauritius;2017;1264500
684;Mauritius;2019;1269700
685;Mayotte;2005;178100
686;Mayotte;2010;208700
687;Mayotte;2019;266200
688;Mexico;2005;106005200
689;Mexico;2010;114093000
690;Mexico;2017;124777300
691;Mexico;2019;127575500
692;Micronesia (Fed. States of);2005;106100
693;Micronesia (Fed. States of);2010;102900
694;Micronesia (Fed. States of);2017;111500
695;Micronesia (Fed. States of);2019;113800
696;Monaco;2000;32100
697;Monaco;2005;33800
698;Monaco;2008;35900
699;Monaco;2010;37100
700;Monaco;2017;38700
701;Monaco;2019;39000
702;Mongolia;2005;2526400
703;Mongolia;2010;2719900
704;Mongolia;2017;3113800
705;Mongolia;2019;3225200
706;Montenegro;2005;616400
707;Montenegro;2010;624300
708;Montenegro;2017;627600
709;Montenegro;2019;628000
710;Montserrat;2001;4500
711;Montserrat;2004;4600
712;Montserrat;2005;4800
713;Montserrat;2006;4800
714;Montserrat;2010;4900
715;Montserrat;2011;5000
716;Montserrat;2016;5200
717;Montserrat;2017;5200
718;Montserrat;2019;5000
719;Morocco;2005;30455600
720;Morocco;2010;32343400
721;Morocco;2017;35581300
722;Morocco;2019;36471800
723;Mozambique;2005;20493900
724;Mozambique;2010;23531600
725;Mozambique;2017;28649000
726;Mozambique;2019;30366000
727;Myanmar;2005;48949900
728;Myanmar;2010;50600800
729;Myanmar;2017;53382500
730;Myanmar;2019;54045400
731;Namibia;2005;1938300
732;Namibia;2010;2118900
733;Namibia;2017;2402600
734;Namibia;2019;2494500
735;Nauru;2002;10100
736;Nauru;2005;10100
737;Nauru;2010;10000
738;Nauru;2016;11300
739;Nauru;2017;11400
740;Nauru;2019;10800
741;Nepal;2005;25744500
742;Nepal;2010;27013200
743;Nepal;2017;27632700
744;Nepal;2019;28608700
745;Netherlands;2005;16367200
746;Netherlands;2010;16682900
747;Netherlands;2017;17021300
748;Netherlands;2019;17097100
749;New Caledonia;2005;236400
750;New Caledonia;2010;253500
751;New Caledonia;2017;277200
752;New Caledonia;2019;282800
753;New Zealand;2005;4135400
754;New Zealand;2010;4370100
755;New Zealand;2017;4702000
756;New Zealand;2019;4783100
757;Nicaragua;2005;5438700
758;Nicaragua;2010;5824100
759;Nicaragua;2017;6384800
760;Nicaragua;2019;6545500
761;Niger;2005;13624500
762;Niger;2010;16464000
763;Niger;2017;21602400
764;Niger;2019;23310700
765;Nigeria;2005;138865000
766;Nigeria;2010;158503200
767;Nigeria;2017;190873200
768;Nigeria;2019;200963600
769;Niue;2005;1700
770;Niue;2010;1600
771;Niue;2016;1600
772;Niue;2017;1600
773;Niue;2019;1600
774;North Macedonia, Republic of ;2005;2060300
775;North Macedonia, Republic of ;2010;2070700
776;North Macedonia, Republic of ;2017;2082000
777;North Macedonia, Republic of ;2019;2083500
778;Northern Mariana Islands;2005;63700
779;Northern Mariana Islands;2010;54400
780;Northern Mariana Islands;2016;55000
781;Northern Mariana Islands;2017;55100
782;Northern Mariana Islands;2019;57200
783;Norway;2005;4632400
784;Norway;2010;4885900
785;Norway;2017;5296300
786;Norway;2019;5378900
787;Oman;2005;2511300
788;Oman;2010;3041400
789;Oman;2017;4665900
790;Oman;2019;4975000
791;Other non-specified areas;2005;22705700
792;Other non-specified areas;2010;23187600
793;Other non-specified areas;2019;23773900
794;Pakistan;2005;160304000
795;Pakistan;2010;179424600
796;Pakistan;2017;207906200
797;Pakistan;2019;216565300
798;Palau;2005;19900
799;Palau;2010;20500
800;Palau;2016;21500
801;Palau;2017;21700
802;Palau;2019;18000
803;Panama;2005;3330200
804;Panama;2010;3642700
805;Panama;2017;4106800
806;Panama;2019;4246400
807;Papua New Guinea;2005;6494900
808;Papua New Guinea;2010;7310500
809;Papua New Guinea;2017;8438000
810;Papua New Guinea;2019;8776100
811;Paraguay;2005;5824100
812;Paraguay;2010;6248000
813;Paraguay;2017;6867100
814;Paraguay;2019;7044600
815;Peru;2005;27866100
816;Peru;2010;29027700
817;Peru;2017;31444300
818;Peru;2019;32510500
819;Philippines;2005;86326300
820;Philippines;2010;93966800
821;Philippines;2017;105172900
822;Philippines;2019;108116600
823;Poland;2005;38368900
824;Poland;2010;38329800
825;Poland;2017;37953200
826;Poland;2019;37887800
827;Portugal;2005;10508500
828;Portugal;2010;10596100
829;Portugal;2017;10288500
830;Portugal;2019;10226200
831;Puerto Rico;2005;3631900
832;Puerto Rico;2010;3579800
833;Puerto Rico;2017;3163700
834;Puerto Rico;2019;2933400
835;Qatar;2005;865400
836;Qatar;2010;1856300
837;Qatar;2017;2724700
838;Qatar;2019;2832100
839;Korea, Republic of;2005;48701100
840;Korea, Republic of;2010;49545600
841;Korea, Republic of;2017;51096400
842;Korea, Republic of;2019;51225300
843;Moldova, Republic of;2005;4159300
844;Moldova, Republic of;2010;4086100
845;Moldova, Republic of;2017;4059700
846;Moldova, Republic of;2019;4043300
847;Réunion;2005;791600
848;Réunion;2010;830500
849;Réunion;2017;876100
850;Réunion;2019;888900
851;Romania;2005;21417300
852;Romania;2010;20471900
853;Romania;2017;19654000
854;Romania;2019;19364600
855;Russian Federation;2005;143672100
856;Russian Federation;2010;143479300
857;Russian Federation;2017;145530100
858;Russian Federation;2019;145872300
859;Rwanda;2005;8840200
860;Rwanda;2010;10039300
861;Rwanda;2017;11981000
862;Rwanda;2019;12627000
863;Saint Barthélemy;2005;8600
864;Saint Barthélemy;2010;9200
865;Saint Barthélemy;2019;9800
866;Saint Helena;2005;4300
867;Saint Helena;2010;4200
868;Saint Helena;2017;4000
869;Saint Helena;2019;6100
870;Saint Kitts and Nevis;2000;45400
871;Saint Kitts and Nevis;2005;48600
872;Saint Kitts and Nevis;2010;51400
873;Saint Kitts and Nevis;2011;52000
874;Saint Kitts and Nevis;2017;55300
875;Saint Kitts and Nevis;2019;52800
876;Saint Lucia;2005;163400
877;Saint Lucia;2010;174100
878;Saint Lucia;2017;181000
879;Saint Lucia;2019;182800
880;Saint Martin (French part);2005;34200
881;Saint Martin (French part);2010;37600
882;Saint Martin (French part);2019;38000
883;Saint Pierre and Miquelon;2005;6300
884;Saint Pierre and Miquelon;2006;6300
885;Saint Pierre and Miquelon;2010;6300
886;Saint Pierre and Miquelon;2017;6300
887;Saint Pierre and Miquelon;2019;5800
888;Saint Vincent & Grenadines;2005;108600
889;Saint Vincent & Grenadines;2010;108300
890;Saint Vincent & Grenadines;2017;109800
891;Saint Vincent & Grenadines;2019;110600
892;Samoa;2005;179700
893;Samoa;2010;185900
894;Samoa;2017;195400
895;Samoa;2019;197100
896;San Marino;2004;28900
897;San Marino;2005;29200
898;San Marino;2010;31100
899;San Marino;2015;33000
900;San Marino;2017;33400
901;San Marino;2019;33900
902;Sao Tome and Principe;2005;157500
903;Sao Tome and Principe;2010;180400
904;Sao Tome and Principe;2017;207100
905;Sao Tome and Principe;2019;215100
906;Saudi Arabia;2005;23816200
907;Saudi Arabia;2010;27421500
908;Saudi Arabia;2017;33101200
909;Saudi Arabia;2019;34268500
910;Senegal;2005;11090100
911;Senegal;2010;12678100
912;Senegal;2017;15419400
913;Senegal;2019;16296400
914;Serbia;2005;9193800
915;Serbia;2010;8991300
916;Serbia;2017;8829600
917;Serbia;2019;8772200
918;Seychelles;2005;88600
919;Seychelles;2010;91300
920;Seychelles;2017;96400
921;Seychelles;2019;97700
922;Sierra Leone;2005;5645600
923;Sierra Leone;2010;6415600
924;Sierra Leone;2017;7488400
925;Sierra Leone;2019;7813200
926;Singapore;2005;4265700
927;Singapore;2010;5131200
928;Singapore;2017;5708000
929;Singapore;2019;5804300
930;Sint Maarten (Dutch part);2005;32500
931;Sint Maarten (Dutch part);2010;33100
932;Sint Maarten (Dutch part);2013;36400
933;Sint Maarten (Dutch part);2014;37700
934;Sint Maarten (Dutch part);2017;40100
935;Sint Maarten (Dutch part);2019;42400
936;Slovakia;2005;5399000
937;Slovakia;2010;5404300
938;Slovakia;2017;5447900
939;Slovakia;2019;5457000
940;Slovenia;2005;1995000
941;Slovenia;2010;2043300
942;Slovenia;2017;2076400
943;Slovenia;2019;2078700
944;Solomon Islands;2005;469900
945;Solomon Islands;2010;527900
946;Solomon Islands;2017;636000
947;Solomon Islands;2019;669800
948;Somalia;2005;10446900
949;Somalia;2010;12043900
950;Somalia;2017;14589200
951;Somalia;2019;15442900
952;South Africa;2005;47880600
953;South Africa;2010;51217000
954;South Africa;2017;57009800
955;South Africa;2019;58558300
956;South Sudan;2005;7535900
957;South Sudan;2010;9508400
958;South Sudan;2017;10910800
959;South Sudan;2019;11062100
960;Spain;2005;44019100
961;Spain;2010;46931000
962;Spain;2017;46647400
963;Spain;2019;46736800
964;Sri Lanka;2005;19545000
965;Sri Lanka;2010;20261700
966;Sri Lanka;2017;21128000
967;Sri Lanka;2019;21323700
968;State of Palestine;2005;3578000
969;State of Palestine;2010;4055600
970;State of Palestine;2017;4747200
971;State of Palestine;2019;4981400
972;Sudan;2005;30949500
973;Sudan;2010;34545000
974;Sudan;2019;42813200
975;Suriname;2005;499500
976;Suriname;2010;529100
977;Suriname;2017;570500
978;Suriname;2019;581400
979;Sweden;2005;9038600
980;Sweden;2010;9390200
981;Sweden;2017;9904900
982;Sweden;2019;10036400
983;Switzerland;2005;7386800
984;Switzerland;2010;7808700
985;Switzerland;2017;8455800
986;Switzerland;2019;8591400
987;Syrian Arab Republic;2005;18361200
988;Syrian Arab Republic;2010;21362500
989;Syrian Arab Republic;2017;17095700
990;Syrian Arab Republic;2019;17070100
991;Tajikistan;2005;6789300
992;Tajikistan;2010;7527400
993;Tajikistan;2017;8880300
994;Tajikistan;2019;9321000
995;Thailand;2005;65416200
996;Thailand;2010;67195000
997;Thailand;2017;69209800
998;Thailand;2019;69625600
999;Timor-Leste;2005;995100
1000;Timor-Leste;2010;1093500
1001;Timor-Leste;2017;1243300
1002;Timor-Leste;2019;1293100
1003;Togo;2005;5611600
1004;Togo;2010;6421700
1005;Togo;2017;7698500
1006;Togo;2019;8082400
1007;Tokelau;2001;1500
1008;Tokelau;2005;1200
1009;Tokelau;2006;1200
1010;Tokelau;2010;1100
1011;Tokelau;2016;1300
1012;Tokelau;2017;1300
1013;Tokelau;2019;1300
1014;Tonga;2005;100900
1015;Tonga;2010;104000
1016;Tonga;2017;102000
1017;Tonga;2019;104500
1018;Trinidad and Tobago;2005;1296500
1019;Trinidad and Tobago;2010;1328100
1020;Trinidad and Tobago;2017;1384100
1021;Trinidad and Tobago;2019;1395000
1022;Tunisia;2005;10106800
1023;Tunisia;2010;10635200
1024;Tunisia;2017;11433400
1025;Tunisia;2019;11694700
1026;Turkey;2005;67903500
1027;Turkey;2010;72327000
1028;Turkey;2017;81116500
1029;Turkey;2019;83429600
1030;Turkmenistan;2005;4754600
1031;Turkmenistan;2010;5087200
1032;Turkmenistan;2017;5757700
1033;Turkmenistan;2019;5942100
1034;Turks and Caicos Islands;2001;20200
1035;Turks and Caicos Islands;2005;26400
1036;Turks and Caicos Islands;2010;31000
1037;Turks and Caicos Islands;2017;35400
1038;Turks and Caicos Islands;2019;38200
1039;Tuvalu;2002;9600
1040;Tuvalu;2005;10000
1041;Tuvalu;2010;10500
1042;Tuvalu;2016;11100
1043;Tuvalu;2017;11200
1044;Tuvalu;2019;11600
1045;Uganda;2005;27684600
1046;Uganda;2010;32428200
1047;Uganda;2017;41166600
1048;Uganda;2019;44269600
1049;Ukraine;2005;46890800
1050;Ukraine;2010;45792100
1051;Ukraine;2017;44487700
1052;Ukraine;2019;43993600
1053;United Arab Emirates;2005;4588200
1054;United Arab Emirates;2010;8550000
1055;United Arab Emirates;2017;9487200
1056;United Arab Emirates;2019;9770500
1057;United Kingdom;2005;60288000
1058;United Kingdom;2010;63459800
1059;United Kingdom;2017;66727500
1060;United Kingdom;2019;67530200
1061;Tanzania, United Republic of;2005;38450300
1062;Tanzania, United Republic of;2010;44346500
1063;Tanzania, United Republic of;2017;54660300
1064;Tanzania, United Republic of;2019;58005500
1065;United States of America;2005;294993500
1066;United States of America;2010;309011500
1067;United States of America;2017;325084800
1068;United States of America;2019;329064900
1069;United States Virgin Islands;2005;107800
1070;United States Virgin Islands;2010;106100
1071;United States Virgin Islands;2017;104800
1072;United States Virgin Islands;2019;104600
1073;Uruguay;2005;3321800
1074;Uruguay;2010;3359300
1075;Uruguay;2017;3436600
1076;Uruguay;2019;3461700
1077;Uzbekistan;2005;26427800
1078;Uzbekistan;2010;28515900
1079;Uzbekistan;2017;31959800
1080;Uzbekistan;2019;32981700
1081;Vanuatu;2005;209300
1082;Vanuatu;2010;236200
1083;Vanuatu;2017;285500
1084;Vanuatu;2019;299900
1085;Venezuela (Boliv. Rep. of);2005;26432400
1086;Venezuela (Boliv. Rep. of);2010;28439900
1087;Venezuela (Boliv. Rep. of);2017;29402500
1088;Venezuela (Boliv. Rep. of);2019;28515800
1089;Viet Nam;2005;83832700
1090;Viet Nam;2010;87967700
1091;Viet Nam;2017;94600600
1092;Viet Nam;2019;96462100
1093;Wallis and Futuna Islands;2003;14700
1094;Wallis and Futuna Islands;2005;14600
1095;Wallis and Futuna Islands;2008;14000
1096;Wallis and Futuna Islands;2010;13400
1097;Wallis and Futuna Islands;2016;11900
1098;Wallis and Futuna Islands;2017;11800
1099;Wallis and Futuna Islands;2019;11400
1100;Western Sahara;2005;437500
1101;Western Sahara;2010;480300
1102;Western Sahara;2017;552600
1103;Western Sahara;2019;582500
1104;Yemen;2005;20107400
1105;Yemen;2010;23154900
1106;Yemen;2017;27834800
1107;Yemen;2019;29161900
1108;Zambia;2005;11856200
1109;Zambia;2010;13606000
1110;Zambia;2017;16853600
1111;Zambia;2019;17861000
1112;Zimbabwe;2005;12076700
1113;Zimbabwe;2010;12697700
1114;Zimbabwe;2017;14236600
1115;Zimbabwe;2019;14645500
